Country_code,Latitude,Longitude
ae,23.424076,53.847818
ae,23.424076,53.847818
ae,23.424076,53.847818
ae,23.424076,53.847818
ae,23.424076,53.847818
ae,23.424076,53.847818
ae,23.424076,53.847818
ae,23.424076,53.847818
ae,23.424076,53.847818
ae,23.424076,53.847818
ae,23.424076,53.847818
ae,23.424076,53.847818
ae,23.424076,53.847818
ae,23.424076,53.847818
ae,23.424076,53.847818
ae,23.424076,53.847818
ae,23.424076,53.847818
ae,23.424076,53.847818
ae,23.424076,53.847818
ae,23.424076,53.847818
ae,23.424076,53.847818
ae,23.424076,53.847818
ae,23.424076,53.847818
ae,23.424076,53.847818
ae,23.424076,53.847818
ae,23.424076,53.847818
ae,23.424076,53.847818
ae,23.424076,53.847818
ae,23.424076,53.847818
ae,23.424076,53.847818
ae,23.424076,53.847818
ae,23.424076,53.847818
ae,23.424076,53.847818
ae,23.424076,53.847818
ae,23.424076,53.847818
ae,23.424076,53.847818
ae,23.424076,53.847818
ae,23.424076,53.847818
ae,23.424076,53.847818
ae,23.424076,53.847818
ae,23.424076,53.847818
ae,23.424076,53.847818
ae,23.424076,53.847818
ae,23.424076,53.847818
ae,23.424076,53.847818
ae,23.424076,53.847818
ae,23.424076,53.847818
ae,23.424076,53.847818
ae,23.424076,53.847818
ae,23.424076,53.847818
ae,23.424076,53.847818
ae,23.424076,53.847818
ae,23.424076,53.847818
ae,23.424076,53.847818
ae,23.424076,53.847818
ae,23.424076,53.847818
ae,23.424076,53.847818
ae,23.424076,53.847818
ae,23.424076,53.847818
ae,23.424076,53.847818
ae,23.424076,53.847818
ae,23.424076,53.847818
ae,23.424076,53.847818
ae,23.424076,53.847818
ae,23.424076,53.847818
ae,23.424076,53.847818
ae,23.424076,53.847818
ae,23.424076,53.847818
ae,23.424076,53.847818
ae,23.424076,53.847818
ae,23.424076,53.847818
ae,23.424076,53.847818
ae,23.424076,53.847818
ae,23.424076,53.847818
ae,23.424076,53.847818
ae,23.424076,53.847818
ae,23.424076,53.847818
ae,23.424076,53.847818
ae,23.424076,53.847818
ae,23.424076,53.847818
ae,23.424076,53.847818
ae,23.424076,53.847818
ae,23.424076,53.847818
ae,23.424076,53.847818
ae,23.424076,53.847818
ae,23.424076,53.847818
ae,23.424076,53.847818
ae,23.424076,53.847818
ae,23.424076,53.847818
ae,23.424076,53.847818
ae,23.424076,53.847818
ae,23.424076,53.847818
ae,23.424076,53.847818
af,33.93911,67.709953
af,33.93911,67.709953
af,33.93911,67.709953
af,33.93911,67.709953
af,33.93911,67.709953
af,33.93911,67.709953
af,33.93911,67.709953
af,33.93911,67.709953
af,33.93911,67.709953
af,33.93911,67.709953
af,33.93911,67.709953
af,33.93911,67.709953
af,33.93911,67.709953
af,33.93911,67.709953
af,33.93911,67.709953
af,33.93911,67.709953
af,33.93911,67.709953
af,33.93911,67.709953
af,33.93911,67.709953
af,33.93911,67.709953
af,33.93911,67.709953
al,41.153332,20.168331
al,41.153332,20.168331
al,41.153332,20.168331
al,41.153332,20.168331
al,41.153332,20.168331
al,41.153332,20.168331
al,41.153332,20.168331
al,41.153332,20.168331
al,41.153332,20.168331
al,41.153332,20.168331
al,41.153332,20.168331
al,41.153332,20.168331
al,41.153332,20.168331
al,41.153332,20.168331
am,40.069099,45.038189
am,40.069099,45.038189
am,40.069099,45.038189
am,40.069099,45.038189
am,40.069099,45.038189
am,40.069099,45.038189
am,40.069099,45.038189
ao,-11.202692,17.873887
ao,-11.202692,17.873887
ao,-11.202692,17.873887
ao,-11.202692,17.873887
ao,-11.202692,17.873887
ao,-11.202692,17.873887
ao,-11.202692,17.873887
ao,-11.202692,17.873887
ao,-11.202692,17.873887
ao,-11.202692,17.873887
ao,-11.202692,17.873887
ao,-11.202692,17.873887
ao,-11.202692,17.873887
ao,-11.202692,17.873887
ao,-11.202692,17.873887
ar,-38.416097,-63.616672
ar,-38.416097,-63.616672
ar,-38.416097,-63.616672
ar,-38.416097,-63.616672
ar,-38.416097,-63.616672
ar,-38.416097,-63.616672
ar,-38.416097,-63.616672
ar,-38.416097,-63.616672
ar,-38.416097,-63.616672
ar,-38.416097,-63.616672
ar,-38.416097,-63.616672
ar,-38.416097,-63.616672
ar,-38.416097,-63.616672
ar,-38.416097,-63.616672
ar,-38.416097,-63.616672
ar,-38.416097,-63.616672
ar,-38.416097,-63.616672
ar,-38.416097,-63.616672
ar,-38.416097,-63.616672
ar,-38.416097,-63.616672
ar,-38.416097,-63.616672
ar,-38.416097,-63.616672
ar,-38.416097,-63.616672
ar,-38.416097,-63.616672
ar,-38.416097,-63.616672
ar,-38.416097,-63.616672
ar,-38.416097,-63.616672
ar,-38.416097,-63.616672
ar,-38.416097,-63.616672
ar,-38.416097,-63.616672
ar,-38.416097,-63.616672
ar,-38.416097,-63.616672
at,47.516231,14.550072
at,47.516231,14.550072
at,47.516231,14.550072
at,47.516231,14.550072
at,47.516231,14.550072
at,47.516231,14.550072
at,47.516231,14.550072
at,47.516231,14.550072
at,47.516231,14.550072
at,47.516231,14.550072
at,47.516231,14.550072
at,47.516231,14.550072
at,47.516231,14.550072
at,47.516231,14.550072
at,47.516231,14.550072
at,47.516231,14.550072
at,47.516231,14.550072
at,47.516231,14.550072
at,47.516231,14.550072
at,47.516231,14.550072
at,47.516231,14.550072
at,47.516231,14.550072
at,47.516231,14.550072
at,47.516231,14.550072
at,47.516231,14.550072
at,47.516231,14.550072
at,47.516231,14.550072
at,47.516231,14.550072
at,47.516231,14.550072
at,47.516231,14.550072
at,47.516231,14.550072
at,47.516231,14.550072
at,47.516231,14.550072
at,47.516231,14.550072
at,47.516231,14.550072
at,47.516231,14.550072
at,47.516231,14.550072
at,47.516231,14.550072
at,47.516231,14.550072
at,47.516231,14.550072
at,47.516231,14.550072
at,47.516231,14.550072
at,47.516231,14.550072
at,47.516231,14.550072
at,47.516231,14.550072
at,47.516231,14.550072
au,-25.274398,133.775136
au,-25.274398,133.775136
au,-25.274398,133.775136
au,-25.274398,133.775136
au,-25.274398,133.775136
au,-25.274398,133.775136
au,-25.274398,133.775136
au,-25.274398,133.775136
au,-25.274398,133.775136
au,-25.274398,133.775136
au,-25.274398,133.775136
au,-25.274398,133.775136
au,-25.274398,133.775136
au,-25.274398,133.775136
au,-25.274398,133.775136
au,-25.274398,133.775136
au,-25.274398,133.775136
au,-25.274398,133.775136
au,-25.274398,133.775136
au,-25.274398,133.775136
au,-25.274398,133.775136
au,-25.274398,133.775136
au,-25.274398,133.775136
au,-25.274398,133.775136
au,-25.274398,133.775136
au,-25.274398,133.775136
au,-25.274398,133.775136
au,-25.274398,133.775136
au,-25.274398,133.775136
au,-25.274398,133.775136
au,-25.274398,133.775136
au,-25.274398,133.775136
au,-25.274398,133.775136
au,-25.274398,133.775136
au,-25.274398,133.775136
au,-25.274398,133.775136
au,-25.274398,133.775136
au,-25.274398,133.775136
au,-25.274398,133.775136
au,-25.274398,133.775136
au,-25.274398,133.775136
au,-25.274398,133.775136
au,-25.274398,133.775136
au,-25.274398,133.775136
au,-25.274398,133.775136
au,-25.274398,133.775136
au,-25.274398,133.775136
au,-25.274398,133.775136
au,-25.274398,133.775136
au,-25.274398,133.775136
au,-25.274398,133.775136
au,-25.274398,133.775136
au,-25.274398,133.775136
au,-25.274398,133.775136
au,-25.274398,133.775136
au,-25.274398,133.775136
au,-25.274398,133.775136
au,-25.274398,133.775136
au,-25.274398,133.775136
au,-25.274398,133.775136
au,-25.274398,133.775136
au,-25.274398,133.775136
au,-25.274398,133.775136
au,-25.274398,133.775136
au,-25.274398,133.775136
au,-25.274398,133.775136
au,-25.274398,133.775136
au,-25.274398,133.775136
au,-25.274398,133.775136
au,-25.274398,133.775136
au,-25.274398,133.775136
au,-25.274398,133.775136
au,-25.274398,133.775136
au,-25.274398,133.775136
au,-25.274398,133.775136
au,-25.274398,133.775136
au,-25.274398,133.775136
au,-25.274398,133.775136
au,-25.274398,133.775136
au,-25.274398,133.775136
au,-25.274398,133.775136
au,-25.274398,133.775136
au,-25.274398,133.775136
au,-25.274398,133.775136
au,-25.274398,133.775136
au,-25.274398,133.775136
az,40.143105,47.576927
az,40.143105,47.576927
az,40.143105,47.576927
az,40.143105,47.576927
az,40.143105,47.576927
az,40.143105,47.576927
az,40.143105,47.576927
az,40.143105,47.576927
az,40.143105,47.576927
az,40.143105,47.576927
az,40.143105,47.576927
az,40.143105,47.576927
az,40.143105,47.576927
az,40.143105,47.576927
ba,43.915886,17.679076
ba,43.915886,17.679076
ba,43.915886,17.679076
ba,43.915886,17.679076
ba,43.915886,17.679076
ba,43.915886,17.679076
ba,43.915886,17.679076
bd,23.684994,90.356331
bd,23.684994,90.356331
bd,23.684994,90.356331
bd,23.684994,90.356331
bd,23.684994,90.356331
bd,23.684994,90.356331
bd,23.684994,90.356331
bd,23.684994,90.356331
bd,23.684994,90.356331
bd,23.684994,90.356331
bd,23.684994,90.356331
bd,23.684994,90.356331
bd,23.684994,90.356331
bd,23.684994,90.356331
bd,23.684994,90.356331
bd,23.684994,90.356331
bd,23.684994,90.356331
bd,23.684994,90.356331
bd,23.684994,90.356331
bd,23.684994,90.356331
bd,23.684994,90.356331
bd,23.684994,90.356331
bd,23.684994,90.356331
bd,23.684994,90.356331
be,50.503887,4.469936
be,50.503887,4.469936
be,50.503887,4.469936
be,50.503887,4.469936
be,50.503887,4.469936
be,50.503887,4.469936
be,50.503887,4.469936
be,50.503887,4.469936
be,50.503887,4.469936
be,50.503887,4.469936
be,50.503887,4.469936
be,50.503887,4.469936
be,50.503887,4.469936
be,50.503887,4.469936
be,50.503887,4.469936
be,50.503887,4.469936
be,50.503887,4.469936
be,50.503887,4.469936
be,50.503887,4.469936
be,50.503887,4.469936
be,50.503887,4.469936
be,50.503887,4.469936
be,50.503887,4.469936
be,50.503887,4.469936
be,50.503887,4.469936
be,50.503887,4.469936
be,50.503887,4.469936
be,50.503887,4.469936
be,50.503887,4.469936
be,50.503887,4.469936
be,50.503887,4.469936
be,50.503887,4.469936
be,50.503887,4.469936
be,50.503887,4.469936
be,50.503887,4.469936
be,50.503887,4.469936
be,50.503887,4.469936
be,50.503887,4.469936
be,50.503887,4.469936
be,50.503887,4.469936
be,50.503887,4.469936
be,50.503887,4.469936
be,50.503887,4.469936
be,50.503887,4.469936
be,50.503887,4.469936
be,50.503887,4.469936
be,50.503887,4.469936
be,50.503887,4.469936
be,50.503887,4.469936
be,50.503887,4.469936
be,50.503887,4.469936
be,50.503887,4.469936
be,50.503887,4.469936
be,50.503887,4.469936
be,50.503887,4.469936
be,50.503887,4.469936
be,50.503887,4.469936
be,50.503887,4.469936
be,50.503887,4.469936
be,50.503887,4.469936
be,50.503887,4.469936
be,50.503887,4.469936
be,50.503887,4.469936
be,50.503887,4.469936
be,50.503887,4.469936
be,50.503887,4.469936
be,50.503887,4.469936
be,50.503887,4.469936
be,50.503887,4.469936
be,50.503887,4.469936
be,50.503887,4.469936
be,50.503887,4.469936
be,50.503887,4.469936
bf,12.238333,-1.561593
bf,12.238333,-1.561593
bf,12.238333,-1.561593
bf,12.238333,-1.561593
bf,12.238333,-1.561593
bg,42.733883,25.48583
bg,42.733883,25.48583
bg,42.733883,25.48583
bg,42.733883,25.48583
bg,42.733883,25.48583
bg,42.733883,25.48583
bg,42.733883,25.48583
bg,42.733883,25.48583
bg,42.733883,25.48583
bg,42.733883,25.48583
bg,42.733883,25.48583
bg,42.733883,25.48583
bg,42.733883,25.48583
bg,42.733883,25.48583
bg,42.733883,25.48583
bg,42.733883,25.48583
bg,42.733883,25.48583
bg,42.733883,25.48583
bg,42.733883,25.48583
bg,42.733883,25.48583
bg,42.733883,25.48583
bg,42.733883,25.48583
bg,42.733883,25.48583
bg,42.733883,25.48583
bg,42.733883,25.48583
bh,25.930414,50.637772
bh,25.930414,50.637772
bh,25.930414,50.637772
bh,25.930414,50.637772
bh,25.930414,50.637772
bh,25.930414,50.637772
bh,25.930414,50.637772
bh,25.930414,50.637772
bh,25.930414,50.637772
bh,25.930414,50.637772
bh,25.930414,50.637772
bh,25.930414,50.637772
bh,25.930414,50.637772
bh,25.930414,50.637772
bh,25.930414,50.637772
bh,25.930414,50.637772
bh,25.930414,50.637772
bh,25.930414,50.637772
bj,9.30769,2.315834
bj,9.30769,2.315834
bj,9.30769,2.315834
bj,9.30769,2.315834
bj,9.30769,2.315834
bj,9.30769,2.315834
bj,9.30769,2.315834
bo,-16.290154,-63.588653
bo,-16.290154,-63.588653
bo,-16.290154,-63.588653
bo,-16.290154,-63.588653
bo,-16.290154,-63.588653
bo,-16.290154,-63.588653
bo,-16.290154,-63.588653
bo,-16.290154,-63.588653
bo,-16.290154,-63.588653
bo,-16.290154,-63.588653
br,-14.235004,-51.92528
br,-14.235004,-51.92528
br,-14.235004,-51.92528
br,-14.235004,-51.92528
br,-14.235004,-51.92528
br,-14.235004,-51.92528
br,-14.235004,-51.92528
br,-14.235004,-51.92528
br,-14.235004,-51.92528
br,-14.235004,-51.92528
br,-14.235004,-51.92528
br,-14.235004,-51.92528
br,-14.235004,-51.92528
br,-14.235004,-51.92528
br,-14.235004,-51.92528
br,-14.235004,-51.92528
br,-14.235004,-51.92528
br,-14.235004,-51.92528
br,-14.235004,-51.92528
br,-14.235004,-51.92528
br,-14.235004,-51.92528
br,-14.235004,-51.92528
br,-14.235004,-51.92528
br,-14.235004,-51.92528
br,-14.235004,-51.92528
br,-14.235004,-51.92528
br,-14.235004,-51.92528
br,-14.235004,-51.92528
br,-14.235004,-51.92528
br,-14.235004,-51.92528
br,-14.235004,-51.92528
br,-14.235004,-51.92528
br,-14.235004,-51.92528
br,-14.235004,-51.92528
br,-14.235004,-51.92528
br,-14.235004,-51.92528
br,-14.235004,-51.92528
br,-14.235004,-51.92528
br,-14.235004,-51.92528
br,-14.235004,-51.92528
br,-14.235004,-51.92528
br,-14.235004,-51.92528
br,-14.235004,-51.92528
br,-14.235004,-51.92528
br,-14.235004,-51.92528
br,-14.235004,-51.92528
br,-14.235004,-51.92528
br,-14.235004,-51.92528
br,-14.235004,-51.92528
br,-14.235004,-51.92528
br,-14.235004,-51.92528
br,-14.235004,-51.92528
br,-14.235004,-51.92528
br,-14.235004,-51.92528
br,-14.235004,-51.92528
br,-14.235004,-51.92528
br,-14.235004,-51.92528
bs,25.03428,-77.39628
bs,25.03428,-77.39628
bs,25.03428,-77.39628
bw,-22.328474,24.684866
bw,-22.328474,24.684866
bw,-22.328474,24.684866
bw,-22.328474,24.684866
bw,-22.328474,24.684866
by,53.709807,27.953389
by,53.709807,27.953389
by,53.709807,27.953389
by,53.709807,27.953389
by,53.709807,27.953389
by,53.709807,27.953389
by,53.709807,27.953389
by,53.709807,27.953389
by,53.709807,27.953389
by,53.709807,27.953389
by,53.709807,27.953389
by,53.709807,27.953389
ca,56.130366,-106.346771
ca,56.130366,-106.346771
ca,56.130366,-106.346771
ca,56.130366,-106.346771
ca,56.130366,-106.346771
ca,56.130366,-106.346771
ca,56.130366,-106.346771
ca,56.130366,-106.346771
ca,56.130366,-106.346771
ca,56.130366,-106.346771
ca,56.130366,-106.346771
ca,56.130366,-106.346771
ca,56.130366,-106.346771
ca,56.130366,-106.346771
ca,56.130366,-106.346771
ca,56.130366,-106.346771
ca,56.130366,-106.346771
ca,56.130366,-106.346771
ca,56.130366,-106.346771
ca,56.130366,-106.346771
ca,56.130366,-106.346771
ca,56.130366,-106.346771
ca,56.130366,-106.346771
ca,56.130366,-106.346771
ca,56.130366,-106.346771
ca,56.130366,-106.346771
ca,56.130366,-106.346771
ca,56.130366,-106.346771
ca,56.130366,-106.346771
ca,56.130366,-106.346771
ca,56.130366,-106.346771
ca,56.130366,-106.346771
ca,56.130366,-106.346771
ca,56.130366,-106.346771
ca,56.130366,-106.346771
ca,56.130366,-106.346771
ca,56.130366,-106.346771
ca,56.130366,-106.346771
ca,56.130366,-106.346771
ca,56.130366,-106.346771
ca,56.130366,-106.346771
ca,56.130366,-106.346771
ca,56.130366,-106.346771
ca,56.130366,-106.346771
ca,56.130366,-106.346771
ca,56.130366,-106.346771
ca,56.130366,-106.346771
ca,56.130366,-106.346771
ca,56.130366,-106.346771
ca,56.130366,-106.346771
ca,56.130366,-106.346771
ca,56.130366,-106.346771
ca,56.130366,-106.346771
ca,56.130366,-106.346771
ca,56.130366,-106.346771
ca,56.130366,-106.346771
ca,56.130366,-106.346771
ca,56.130366,-106.346771
ca,56.130366,-106.346771
ca,56.130366,-106.346771
ca,56.130366,-106.346771
ca,56.130366,-106.346771
ca,56.130366,-106.346771
ca,56.130366,-106.346771
ca,56.130366,-106.346771
ca,56.130366,-106.346771
ca,56.130366,-106.346771
ca,56.130366,-106.346771
ca,56.130366,-106.346771
ca,56.130366,-106.346771
ca,56.130366,-106.346771
ca,56.130366,-106.346771
ca,56.130366,-106.346771
ca,56.130366,-106.346771
ca,56.130366,-106.346771
ca,56.130366,-106.346771
ca,56.130366,-106.346771
ca,56.130366,-106.346771
ca,56.130366,-106.346771
ca,56.130366,-106.346771
ca,56.130366,-106.346771
ca,56.130366,-106.346771
ca,56.130366,-106.346771
ca,56.130366,-106.346771
ca,56.130366,-106.346771
ca,56.130366,-106.346771
ca,56.130366,-106.346771
ca,56.130366,-106.346771
ca,56.130366,-106.346771
ca,56.130366,-106.346771
ca,56.130366,-106.346771
ca,56.130366,-106.346771
ca,56.130366,-106.346771
ca,56.130366,-106.346771
ca,56.130366,-106.346771
ca,56.130366,-106.346771
ca,56.130366,-106.346771
ca,56.130366,-106.346771
ca,56.130366,-106.346771
ca,56.130366,-106.346771
ca,56.130366,-106.346771
ca,56.130366,-106.346771
ca,56.130366,-106.346771
ca,56.130366,-106.346771
ca,56.130366,-106.346771
ca,56.130366,-106.346771
ca,56.130366,-106.346771
ca,56.130366,-106.346771
ca,56.130366,-106.346771
ca,56.130366,-106.346771
ca,56.130366,-106.346771
ca,56.130366,-106.346771
ca,56.130366,-106.346771
cd,-4.038333,21.758664
cd,-4.038333,21.758664
cd,-4.038333,21.758664
cd,-4.038333,21.758664
cd,-4.038333,21.758664
cd,-4.038333,21.758664
cd,-4.038333,21.758664
cd,-4.038333,21.758664
cd,-4.038333,21.758664
cd,-4.038333,21.758664
ch,46.818188,8.227512
ch,46.818188,8.227512
ch,46.818188,8.227512
ch,46.818188,8.227512
ch,46.818188,8.227512
ch,46.818188,8.227512
ch,46.818188,8.227512
ch,46.818188,8.227512
ch,46.818188,8.227512
ch,46.818188,8.227512
ch,46.818188,8.227512
ch,46.818188,8.227512
ch,46.818188,8.227512
ch,46.818188,8.227512
ch,46.818188,8.227512
ch,46.818188,8.227512
ch,46.818188,8.227512
ch,46.818188,8.227512
ch,46.818188,8.227512
ch,46.818188,8.227512
ch,46.818188,8.227512
ch,46.818188,8.227512
ch,46.818188,8.227512
ch,46.818188,8.227512
ch,46.818188,8.227512
ch,46.818188,8.227512
ch,46.818188,8.227512
ch,46.818188,8.227512
ch,46.818188,8.227512
ch,46.818188,8.227512
ch,46.818188,8.227512
ch,46.818188,8.227512
ch,46.818188,8.227512
ch,46.818188,8.227512
ch,46.818188,8.227512
ch,46.818188,8.227512
ch,46.818188,8.227512
ch,46.818188,8.227512
ch,46.818188,8.227512
ch,46.818188,8.227512
ch,46.818188,8.227512
ch,46.818188,8.227512
ch,46.818188,8.227512
ch,46.818188,8.227512
ch,46.818188,8.227512
ch,46.818188,8.227512
ch,46.818188,8.227512
ch,46.818188,8.227512
ch,46.818188,8.227512
ch,46.818188,8.227512
ch,46.818188,8.227512
ch,46.818188,8.227512
ch,46.818188,8.227512
ch,46.818188,8.227512
ch,46.818188,8.227512
ch,46.818188,8.227512
ch,46.818188,8.227512
ch,46.818188,8.227512
ch,46.818188,8.227512
ch,46.818188,8.227512
ch,46.818188,8.227512
ch,46.818188,8.227512
ch,46.818188,8.227512
ch,46.818188,8.227512
ch,46.818188,8.227512
ch,46.818188,8.227512
ch,46.818188,8.227512
ch,46.818188,8.227512
ch,46.818188,8.227512
ch,46.818188,8.227512
ci,7.539989,-5.54708
ci,7.539989,-5.54708
ci,7.539989,-5.54708
ci,7.539989,-5.54708
ci,7.539989,-5.54708
ci,7.539989,-5.54708
ci,7.539989,-5.54708
ci,7.539989,-5.54708
ci,7.539989,-5.54708
ci,7.539989,-5.54708
ci,7.539989,-5.54708
ci,7.539989,-5.54708
ci,7.539989,-5.54708
ci,7.539989,-5.54708
ci,7.539989,-5.54708
ci,7.539989,-5.54708
cl,-35.675147,-71.542969
cl,-35.675147,-71.542969
cl,-35.675147,-71.542969
cl,-35.675147,-71.542969
cl,-35.675147,-71.542969
cl,-35.675147,-71.542969
cl,-35.675147,-71.542969
cl,-35.675147,-71.542969
cl,-35.675147,-71.542969
cl,-35.675147,-71.542969
cl,-35.675147,-71.542969
cl,-35.675147,-71.542969
cl,-35.675147,-71.542969
cl,-35.675147,-71.542969
cl,-35.675147,-71.542969
cl,-35.675147,-71.542969
cl,-35.675147,-71.542969
cl,-35.675147,-71.542969
cl,-35.675147,-71.542969
cl,-35.675147,-71.542969
cl,-35.675147,-71.542969
cl,-35.675147,-71.542969
cl,-35.675147,-71.542969
cl,-35.675147,-71.542969
cl,-35.675147,-71.542969
cl,-35.675147,-71.542969
cl,-35.675147,-71.542969
cl,-35.675147,-71.542969
cl,-35.675147,-71.542969
cl,-35.675147,-71.542969
cl,-35.675147,-71.542969
cm,7.369722,12.354722
cm,7.369722,12.354722
cm,7.369722,12.354722
cm,7.369722,12.354722
cm,7.369722,12.354722
cm,7.369722,12.354722
cm,7.369722,12.354722
cm,7.369722,12.354722
cm,7.369722,12.354722
cm,7.369722,12.354722
cm,7.369722,12.354722
cm,7.369722,12.354722
cm,7.369722,12.354722
cm,7.369722,12.354722
cn,35.86166,104.195397
cn,35.86166,104.195397
cn,35.86166,104.195397
cn,35.86166,104.195397
cn,35.86166,104.195397
cn,35.86166,104.195397
cn,35.86166,104.195397
cn,35.86166,104.195397
cn,35.86166,104.195397
cn,35.86166,104.195397
cn,35.86166,104.195397
cn,35.86166,104.195397
cn,35.86166,104.195397
cn,35.86166,104.195397
cn,35.86166,104.195397
cn,35.86166,104.195397
cn,35.86166,104.195397
cn,35.86166,104.195397
cn,35.86166,104.195397
cn,35.86166,104.195397
cn,35.86166,104.195397
cn,35.86166,104.195397
cn,35.86166,104.195397
cn,35.86166,104.195397
cn,35.86166,104.195397
cn,35.86166,104.195397
cn,35.86166,104.195397
cn,35.86166,104.195397
cn,35.86166,104.195397
cn,35.86166,104.195397
cn,35.86166,104.195397
cn,35.86166,104.195397
cn,35.86166,104.195397
cn,35.86166,104.195397
cn,35.86166,104.195397
cn,35.86166,104.195397
cn,35.86166,104.195397
cn,35.86166,104.195397
cn,35.86166,104.195397
cn,35.86166,104.195397
cn,35.86166,104.195397
cn,35.86166,104.195397
cn,35.86166,104.195397
cn,35.86166,104.195397
cn,35.86166,104.195397
cn,35.86166,104.195397
cn,35.86166,104.195397
cn,35.86166,104.195397
cn,35.86166,104.195397
cn,35.86166,104.195397
cn,35.86166,104.195397
cn,35.86166,104.195397
cn,35.86166,104.195397
cn,35.86166,104.195397
cn,35.86166,104.195397
cn,35.86166,104.195397
cn,35.86166,104.195397
cn,35.86166,104.195397
cn,35.86166,104.195397
cn,35.86166,104.195397
cn,35.86166,104.195397
cn,35.86166,104.195397
cn,35.86166,104.195397
cn,35.86166,104.195397
cn,35.86166,104.195397
cn,35.86166,104.195397
cn,35.86166,104.195397
cn,35.86166,104.195397
cn,35.86166,104.195397
cn,35.86166,104.195397
cn,35.86166,104.195397
cn,35.86166,104.195397
cn,35.86166,104.195397
cn,35.86166,104.195397
cn,35.86166,104.195397
cn,35.86166,104.195397
cn,35.86166,104.195397
cn,35.86166,104.195397
cn,35.86166,104.195397
cn,35.86166,104.195397
co,4.570868,-74.297333
co,4.570868,-74.297333
co,4.570868,-74.297333
co,4.570868,-74.297333
co,4.570868,-74.297333
co,4.570868,-74.297333
co,4.570868,-74.297333
co,4.570868,-74.297333
co,4.570868,-74.297333
co,4.570868,-74.297333
co,4.570868,-74.297333
co,4.570868,-74.297333
co,4.570868,-74.297333
co,4.570868,-74.297333
co,4.570868,-74.297333
co,4.570868,-74.297333
co,4.570868,-74.297333
co,4.570868,-74.297333
co,4.570868,-74.297333
co,4.570868,-74.297333
co,4.570868,-74.297333
co,4.570868,-74.297333
co,4.570868,-74.297333
co,4.570868,-74.297333
co,4.570868,-74.297333
co,4.570868,-74.297333
co,4.570868,-74.297333
co,4.570868,-74.297333
co,4.570868,-74.297333
co,4.570868,-74.297333
co,4.570868,-74.297333
co,4.570868,-74.297333
co,4.570868,-74.297333
cr,9.748917,-83.753428
cr,9.748917,-83.753428
cr,9.748917,-83.753428
cr,9.748917,-83.753428
cr,9.748917,-83.753428
cr,9.748917,-83.753428
cr,9.748917,-83.753428
cr,9.748917,-83.753428
cr,9.748917,-83.753428
cr,9.748917,-83.753428
cr,9.748917,-83.753428
cr,9.748917,-83.753428
cr,9.748917,-83.753428
cr,9.748917,-83.753428
cr,9.748917,-83.753428
cr,9.748917,-83.753428
cr,9.748917,-83.753428
cr,9.748917,-83.753428
cr,9.748917,-83.753428
cr,9.748917,-83.753428
cr,9.748917,-83.753428
cu,21.521757,-77.781167
cu,21.521757,-77.781167
cu,21.521757,-77.781167
cu,21.521757,-77.781167
cu,21.521757,-77.781167
cy,35.126413,33.429859
cy,35.126413,33.429859
cy,35.126413,33.429859
cy,35.126413,33.429859
cy,35.126413,33.429859
cy,35.126413,33.429859
cy,35.126413,33.429859
cy,35.126413,33.429859
cy,35.126413,33.429859
cy,35.126413,33.429859
cy,35.126413,33.429859
cy,35.126413,33.429859
cy,35.126413,33.429859
cy,35.126413,33.429859
cy,35.126413,33.429859
cy,35.126413,33.429859
cz,49.817492,15.472962
cz,49.817492,15.472962
cz,49.817492,15.472962
cz,49.817492,15.472962
cz,49.817492,15.472962
cz,49.817492,15.472962
cz,49.817492,15.472962
cz,49.817492,15.472962
cz,49.817492,15.472962
cz,49.817492,15.472962
cz,49.817492,15.472962
cz,49.817492,15.472962
cz,49.817492,15.472962
cz,49.817492,15.472962
cz,49.817492,15.472962
cz,49.817492,15.472962
cz,49.817492,15.472962
cz,49.817492,15.472962
cz,49.817492,15.472962
cz,49.817492,15.472962
cz,49.817492,15.472962
cz,49.817492,15.472962
cz,49.817492,15.472962
cz,49.817492,15.472962
cz,49.817492,15.472962
cz,49.817492,15.472962
cz,49.817492,15.472962
cz,49.817492,15.472962
cz,49.817492,15.472962
cz,49.817492,15.472962
cz,49.817492,15.472962
cz,49.817492,15.472962
cz,49.817492,15.472962
cz,49.817492,15.472962
cz,49.817492,15.472962
cz,49.817492,15.472962
cz,49.817492,15.472962
cz,49.817492,15.472962
de,51.165691,10.451526
de,51.165691,10.451526
de,51.165691,10.451526
de,51.165691,10.451526
de,51.165691,10.451526
de,51.165691,10.451526
de,51.165691,10.451526
de,51.165691,10.451526
de,51.165691,10.451526
de,51.165691,10.451526
de,51.165691,10.451526
de,51.165691,10.451526
de,51.165691,10.451526
de,51.165691,10.451526
de,51.165691,10.451526
de,51.165691,10.451526
de,51.165691,10.451526
de,51.165691,10.451526
de,51.165691,10.451526
de,51.165691,10.451526
de,51.165691,10.451526
de,51.165691,10.451526
de,51.165691,10.451526
de,51.165691,10.451526
de,51.165691,10.451526
de,51.165691,10.451526
de,51.165691,10.451526
de,51.165691,10.451526
de,51.165691,10.451526
de,51.165691,10.451526
de,51.165691,10.451526
de,51.165691,10.451526
de,51.165691,10.451526
de,51.165691,10.451526
de,51.165691,10.451526
de,51.165691,10.451526
de,51.165691,10.451526
de,51.165691,10.451526
de,51.165691,10.451526
de,51.165691,10.451526
de,51.165691,10.451526
de,51.165691,10.451526
de,51.165691,10.451526
de,51.165691,10.451526
de,51.165691,10.451526
de,51.165691,10.451526
de,51.165691,10.451526
de,51.165691,10.451526
de,51.165691,10.451526
de,51.165691,10.451526
de,51.165691,10.451526
de,51.165691,10.451526
de,51.165691,10.451526
de,51.165691,10.451526
de,51.165691,10.451526
de,51.165691,10.451526
de,51.165691,10.451526
de,51.165691,10.451526
de,51.165691,10.451526
de,51.165691,10.451526
de,51.165691,10.451526
de,51.165691,10.451526
de,51.165691,10.451526
de,51.165691,10.451526
de,51.165691,10.451526
de,51.165691,10.451526
de,51.165691,10.451526
de,51.165691,10.451526
de,51.165691,10.451526
de,51.165691,10.451526
de,51.165691,10.451526
de,51.165691,10.451526
de,51.165691,10.451526
de,51.165691,10.451526
de,51.165691,10.451526
de,51.165691,10.451526
de,51.165691,10.451526
de,51.165691,10.451526
de,51.165691,10.451526
de,51.165691,10.451526
de,51.165691,10.451526
de,51.165691,10.451526
de,51.165691,10.451526
de,51.165691,10.451526
de,51.165691,10.451526
de,51.165691,10.451526
de,51.165691,10.451526
de,51.165691,10.451526
de,51.165691,10.451526
de,51.165691,10.451526
de,51.165691,10.451526
de,51.165691,10.451526
de,51.165691,10.451526
de,51.165691,10.451526
de,51.165691,10.451526
de,51.165691,10.451526
de,51.165691,10.451526
de,51.165691,10.451526
de,51.165691,10.451526
de,51.165691,10.451526
dk,56.26392,9.501785
dk,56.26392,9.501785
dk,56.26392,9.501785
dk,56.26392,9.501785
dk,56.26392,9.501785
dk,56.26392,9.501785
dk,56.26392,9.501785
dk,56.26392,9.501785
dk,56.26392,9.501785
dk,56.26392,9.501785
dk,56.26392,9.501785
dk,56.26392,9.501785
dk,56.26392,9.501785
dk,56.26392,9.501785
dk,56.26392,9.501785
dk,56.26392,9.501785
dk,56.26392,9.501785
dk,56.26392,9.501785
dk,56.26392,9.501785
dk,56.26392,9.501785
dk,56.26392,9.501785
dk,56.26392,9.501785
dk,56.26392,9.501785
dk,56.26392,9.501785
dk,56.26392,9.501785
dk,56.26392,9.501785
dk,56.26392,9.501785
dk,56.26392,9.501785
dk,56.26392,9.501785
dk,56.26392,9.501785
dk,56.26392,9.501785
dk,56.26392,9.501785
dk,56.26392,9.501785
dk,56.26392,9.501785
dk,56.26392,9.501785
dk,56.26392,9.501785
dk,56.26392,9.501785
dk,56.26392,9.501785
dk,56.26392,9.501785
dk,56.26392,9.501785
dk,56.26392,9.501785
dk,56.26392,9.501785
dk,56.26392,9.501785
dk,56.26392,9.501785
dk,56.26392,9.501785
dk,56.26392,9.501785
dk,56.26392,9.501785
dk,56.26392,9.501785
dk,56.26392,9.501785
dk,56.26392,9.501785
dk,56.26392,9.501785
dk,56.26392,9.501785
dk,56.26392,9.501785
dk,56.26392,9.501785
dk,56.26392,9.501785
do,18.735693,-70.162651
do,18.735693,-70.162651
do,18.735693,-70.162651
do,18.735693,-70.162651
do,18.735693,-70.162651
do,18.735693,-70.162651
do,18.735693,-70.162651
do,18.735693,-70.162651
do,18.735693,-70.162651
do,18.735693,-70.162651
do,18.735693,-70.162651
do,18.735693,-70.162651
do,18.735693,-70.162651
do,18.735693,-70.162651
do,18.735693,-70.162651
do,18.735693,-70.162651
dz,28.033886,1.659626
dz,28.033886,1.659626
dz,28.033886,1.659626
dz,28.033886,1.659626
dz,28.033886,1.659626
dz,28.033886,1.659626
dz,28.033886,1.659626
dz,28.033886,1.659626
dz,28.033886,1.659626
dz,28.033886,1.659626
dz,28.033886,1.659626
dz,28.033886,1.659626
dz,28.033886,1.659626
dz,28.033886,1.659626
dz,28.033886,1.659626
dz,28.033886,1.659626
dz,28.033886,1.659626
dz,28.033886,1.659626
ec,-1.831239,-78.183406
ec,-1.831239,-78.183406
ec,-1.831239,-78.183406
ec,-1.831239,-78.183406
ec,-1.831239,-78.183406
ec,-1.831239,-78.183406
ec,-1.831239,-78.183406
ec,-1.831239,-78.183406
ec,-1.831239,-78.183406
ec,-1.831239,-78.183406
ec,-1.831239,-78.183406
ec,-1.831239,-78.183406
ec,-1.831239,-78.183406
ec,-1.831239,-78.183406
ec,-1.831239,-78.183406
ec,-1.831239,-78.183406
ec,-1.831239,-78.183406
ec,-1.831239,-78.183406
ec,-1.831239,-78.183406
ee,58.595272,25.013607
ee,58.595272,25.013607
ee,58.595272,25.013607
ee,58.595272,25.013607
ee,58.595272,25.013607
ee,58.595272,25.013607
ee,58.595272,25.013607
ee,58.595272,25.013607
ee,58.595272,25.013607
ee,58.595272,25.013607
ee,58.595272,25.013607
ee,58.595272,25.013607
ee,58.595272,25.013607
ee,58.595272,25.013607
ee,58.595272,25.013607
eg,26.820553,30.802498
eg,26.820553,30.802498
eg,26.820553,30.802498
eg,26.820553,30.802498
eg,26.820553,30.802498
eg,26.820553,30.802498
eg,26.820553,30.802498
eg,26.820553,30.802498
eg,26.820553,30.802498
eg,26.820553,30.802498
eg,26.820553,30.802498
eg,26.820553,30.802498
eg,26.820553,30.802498
eg,26.820553,30.802498
eg,26.820553,30.802498
eg,26.820553,30.802498
eg,26.820553,30.802498
eg,26.820553,30.802498
eg,26.820553,30.802498
eg,26.820553,30.802498
eg,26.820553,30.802498
eg,26.820553,30.802498
eg,26.820553,30.802498
eg,26.820553,30.802498
eg,26.820553,30.802498
eg,26.820553,30.802498
eg,26.820553,30.802498
eg,26.820553,30.802498
eg,26.820553,30.802498
eg,26.820553,30.802498
eg,26.820553,30.802498
eg,26.820553,30.802498
eg,26.820553,30.802498
eg,26.820553,30.802498
eg,26.820553,30.802498
eg,26.820553,30.802498
eg,26.820553,30.802498
eg,26.820553,30.802498
eg,26.820553,30.802498
eg,26.820553,30.802498
eg,26.820553,30.802498
eg,26.820553,30.802498
es,40.463667,-3.74922
es,40.463667,-3.74922
es,40.463667,-3.74922
es,40.463667,-3.74922
es,40.463667,-3.74922
es,40.463667,-3.74922
es,40.463667,-3.74922
es,40.463667,-3.74922
es,40.463667,-3.74922
es,40.463667,-3.74922
es,40.463667,-3.74922
es,40.463667,-3.74922
es,40.463667,-3.74922
es,40.463667,-3.74922
es,40.463667,-3.74922
es,40.463667,-3.74922
es,40.463667,-3.74922
es,40.463667,-3.74922
es,40.463667,-3.74922
es,40.463667,-3.74922
es,40.463667,-3.74922
es,40.463667,-3.74922
es,40.463667,-3.74922
es,40.463667,-3.74922
es,40.463667,-3.74922
es,40.463667,-3.74922
es,40.463667,-3.74922
es,40.463667,-3.74922
es,40.463667,-3.74922
es,40.463667,-3.74922
es,40.463667,-3.74922
es,40.463667,-3.74922
es,40.463667,-3.74922
es,40.463667,-3.74922
es,40.463667,-3.74922
es,40.463667,-3.74922
es,40.463667,-3.74922
es,40.463667,-3.74922
es,40.463667,-3.74922
es,40.463667,-3.74922
es,40.463667,-3.74922
es,40.463667,-3.74922
es,40.463667,-3.74922
es,40.463667,-3.74922
es,40.463667,-3.74922
es,40.463667,-3.74922
es,40.463667,-3.74922
es,40.463667,-3.74922
es,40.463667,-3.74922
es,40.463667,-3.74922
es,40.463667,-3.74922
es,40.463667,-3.74922
es,40.463667,-3.74922
es,40.463667,-3.74922
es,40.463667,-3.74922
es,40.463667,-3.74922
es,40.463667,-3.74922
es,40.463667,-3.74922
es,40.463667,-3.74922
es,40.463667,-3.74922
es,40.463667,-3.74922
es,40.463667,-3.74922
es,40.463667,-3.74922
es,40.463667,-3.74922
es,40.463667,-3.74922
es,40.463667,-3.74922
es,40.463667,-3.74922
es,40.463667,-3.74922
es,40.463667,-3.74922
es,40.463667,-3.74922
es,40.463667,-3.74922
es,40.463667,-3.74922
es,40.463667,-3.74922
es,40.463667,-3.74922
es,40.463667,-3.74922
es,40.463667,-3.74922
es,40.463667,-3.74922
es,40.463667,-3.74922
es,40.463667,-3.74922
es,40.463667,-3.74922
es,40.463667,-3.74922
es,40.463667,-3.74922
es,40.463667,-3.74922
es,40.463667,-3.74922
es,40.463667,-3.74922
es,40.463667,-3.74922
es,40.463667,-3.74922
es,40.463667,-3.74922
et,9.145,40.489673
et,9.145,40.489673
et,9.145,40.489673
et,9.145,40.489673
et,9.145,40.489673
et,9.145,40.489673
et,9.145,40.489673
et,9.145,40.489673
et,9.145,40.489673
et,9.145,40.489673
et,9.145,40.489673
et,9.145,40.489673
et,9.145,40.489673
et,9.145,40.489673
fi,61.92411,25.748151
fi,61.92411,25.748151
fi,61.92411,25.748151
fi,61.92411,25.748151
fi,61.92411,25.748151
fi,61.92411,25.748151
fi,61.92411,25.748151
fi,61.92411,25.748151
fi,61.92411,25.748151
fi,61.92411,25.748151
fi,61.92411,25.748151
fi,61.92411,25.748151
fi,61.92411,25.748151
fi,61.92411,25.748151
fi,61.92411,25.748151
fi,61.92411,25.748151
fi,61.92411,25.748151
fi,61.92411,25.748151
fi,61.92411,25.748151
fi,61.92411,25.748151
fi,61.92411,25.748151
fi,61.92411,25.748151
fi,61.92411,25.748151
fi,61.92411,25.748151
fi,61.92411,25.748151
fi,61.92411,25.748151
fi,61.92411,25.748151
fi,61.92411,25.748151
fi,61.92411,25.748151
fi,61.92411,25.748151
fi,61.92411,25.748151
fi,61.92411,25.748151
fi,61.92411,25.748151
fi,61.92411,25.748151
fi,61.92411,25.748151
fi,61.92411,25.748151
fi,61.92411,25.748151
fi,61.92411,25.748151
fj,-16.578193,179.414413
fj,-16.578193,179.414413
fj,-16.578193,179.414413
fr,46.227638,2.213749
fr,46.227638,2.213749
fr,46.227638,2.213749
fr,46.227638,2.213749
fr,46.227638,2.213749
fr,46.227638,2.213749
fr,46.227638,2.213749
fr,46.227638,2.213749
fr,46.227638,2.213749
fr,46.227638,2.213749
fr,46.227638,2.213749
fr,46.227638,2.213749
fr,46.227638,2.213749
fr,46.227638,2.213749
fr,46.227638,2.213749
fr,46.227638,2.213749
fr,46.227638,2.213749
fr,46.227638,2.213749
fr,46.227638,2.213749
fr,46.227638,2.213749
fr,46.227638,2.213749
fr,46.227638,2.213749
fr,46.227638,2.213749
fr,46.227638,2.213749
fr,46.227638,2.213749
fr,46.227638,2.213749
fr,46.227638,2.213749
fr,46.227638,2.213749
fr,46.227638,2.213749
fr,46.227638,2.213749
fr,46.227638,2.213749
fr,46.227638,2.213749
fr,46.227638,2.213749
fr,46.227638,2.213749
fr,46.227638,2.213749
fr,46.227638,2.213749
fr,46.227638,2.213749
fr,46.227638,2.213749
fr,46.227638,2.213749
fr,46.227638,2.213749
fr,46.227638,2.213749
fr,46.227638,2.213749
fr,46.227638,2.213749
fr,46.227638,2.213749
fr,46.227638,2.213749
fr,46.227638,2.213749
fr,46.227638,2.213749
fr,46.227638,2.213749
fr,46.227638,2.213749
fr,46.227638,2.213749
fr,46.227638,2.213749
fr,46.227638,2.213749
fr,46.227638,2.213749
fr,46.227638,2.213749
fr,46.227638,2.213749
fr,46.227638,2.213749
fr,46.227638,2.213749
fr,46.227638,2.213749
fr,46.227638,2.213749
fr,46.227638,2.213749
fr,46.227638,2.213749
fr,46.227638,2.213749
fr,46.227638,2.213749
fr,46.227638,2.213749
fr,46.227638,2.213749
fr,46.227638,2.213749
fr,46.227638,2.213749
fr,46.227638,2.213749
fr,46.227638,2.213749
fr,46.227638,2.213749
fr,46.227638,2.213749
fr,46.227638,2.213749
fr,46.227638,2.213749
fr,46.227638,2.213749
fr,46.227638,2.213749
fr,46.227638,2.213749
fr,46.227638,2.213749
fr,46.227638,2.213749
fr,46.227638,2.213749
fr,46.227638,2.213749
fr,46.227638,2.213749
fr,46.227638,2.213749
fr,46.227638,2.213749
fr,46.227638,2.213749
fr,46.227638,2.213749
fr,46.227638,2.213749
fr,46.227638,2.213749
fr,46.227638,2.213749
fr,46.227638,2.213749
fr,46.227638,2.213749
fr,46.227638,2.213749
fr,46.227638,2.213749
fr,46.227638,2.213749
fr,46.227638,2.213749
fr,46.227638,2.213749
fr,46.227638,2.213749
fr,46.227638,2.213749
fr,46.227638,2.213749
fr,46.227638,2.213749
fr,46.227638,2.213749
fr,46.227638,2.213749
fr,46.227638,2.213749
fr,46.227638,2.213749
fr,46.227638,2.213749
fr,46.227638,2.213749
fr,46.227638,2.213749
fr,46.227638,2.213749
fr,46.227638,2.213749
fr,46.227638,2.213749
fr,46.227638,2.213749
ga,-0.803689,11.609444
ga,-0.803689,11.609444
ga,-0.803689,11.609444
ga,-0.803689,11.609444
ga,-0.803689,11.609444
gb,55.378051,-3.435973
gb,55.378051,-3.435973
gb,55.378051,-3.435973
gb,55.378051,-3.435973
gb,55.378051,-3.435973
gb,55.378051,-3.435973
gb,55.378051,-3.435973
gb,55.378051,-3.435973
gb,55.378051,-3.435973
gb,55.378051,-3.435973
gb,55.378051,-3.435973
gb,55.378051,-3.435973
gb,55.378051,-3.435973
gb,55.378051,-3.435973
gb,55.378051,-3.435973
gb,55.378051,-3.435973
gb,55.378051,-3.435973
gb,55.378051,-3.435973
gb,55.378051,-3.435973
gb,55.378051,-3.435973
gb,55.378051,-3.435973
gb,55.378051,-3.435973
gb,55.378051,-3.435973
gb,55.378051,-3.435973
gb,55.378051,-3.435973
gb,55.378051,-3.435973
gb,55.378051,-3.435973
gb,55.378051,-3.435973
gb,55.378051,-3.435973
gb,55.378051,-3.435973
gb,55.378051,-3.435973
gb,55.378051,-3.435973
gb,55.378051,-3.435973
gb,55.378051,-3.435973
gb,55.378051,-3.435973
gb,55.378051,-3.435973
gb,55.378051,-3.435973
gb,55.378051,-3.435973
gb,55.378051,-3.435973
gb,55.378051,-3.435973
gb,55.378051,-3.435973
gb,55.378051,-3.435973
gb,55.378051,-3.435973
gb,55.378051,-3.435973
gb,55.378051,-3.435973
gb,55.378051,-3.435973
gb,55.378051,-3.435973
gb,55.378051,-3.435973
gb,55.378051,-3.435973
gb,55.378051,-3.435973
gb,55.378051,-3.435973
gb,55.378051,-3.435973
gb,55.378051,-3.435973
gb,55.378051,-3.435973
gb,55.378051,-3.435973
gb,55.378051,-3.435973
gb,55.378051,-3.435973
gb,55.378051,-3.435973
gb,55.378051,-3.435973
gb,55.378051,-3.435973
gb,55.378051,-3.435973
gb,55.378051,-3.435973
gb,55.378051,-3.435973
gb,55.378051,-3.435973
gb,55.378051,-3.435973
gb,55.378051,-3.435973
gb,55.378051,-3.435973
gb,55.378051,-3.435973
gb,55.378051,-3.435973
gb,55.378051,-3.435973
gb,55.378051,-3.435973
gb,55.378051,-3.435973
gb,55.378051,-3.435973
gb,55.378051,-3.435973
gb,55.378051,-3.435973
gb,55.378051,-3.435973
gb,55.378051,-3.435973
gb,55.378051,-3.435973
gb,55.378051,-3.435973
gb,55.378051,-3.435973
gb,55.378051,-3.435973
gb,55.378051,-3.435973
gb,55.378051,-3.435973
gb,55.378051,-3.435973
gb,55.378051,-3.435973
gb,55.378051,-3.435973
gb,55.378051,-3.435973
gb,55.378051,-3.435973
gb,55.378051,-3.435973
gb,55.378051,-3.435973
gb,55.378051,-3.435973
gb,55.378051,-3.435973
gb,55.378051,-3.435973
gb,55.378051,-3.435973
gb,55.378051,-3.435973
gb,55.378051,-3.435973
gb,55.378051,-3.435973
gb,55.378051,-3.435973
gb,55.378051,-3.435973
gb,55.378051,-3.435973
gb,55.378051,-3.435973
gb,55.378051,-3.435973
gb,55.378051,-3.435973
gb,55.378051,-3.435973
gb,55.378051,-3.435973
gb,55.378051,-3.435973
gb,55.378051,-3.435973
gb,55.378051,-3.435973
gb,55.378051,-3.435973
gb,55.378051,-3.435973
gb,55.378051,-3.435973
gb,55.378051,-3.435973
gb,55.378051,-3.435973
gb,55.378051,-3.435973
gb,55.378051,-3.435973
gb,55.378051,-3.435973
gb,55.378051,-3.435973
gb,55.378051,-3.435973
gb,55.378051,-3.435973
gb,55.378051,-3.435973
gb,55.378051,-3.435973
gb,55.378051,-3.435973
ge,42.315407,43.356892
ge,42.315407,43.356892
ge,42.315407,43.356892
ge,42.315407,43.356892
ge,42.315407,43.356892
ge,42.315407,43.356892
ge,42.315407,43.356892
ge,42.315407,43.356892
ge,42.315407,43.356892
gh,7.946527,-1.023194
gh,7.946527,-1.023194
gh,7.946527,-1.023194
gh,7.946527,-1.023194
gh,7.946527,-1.023194
gh,7.946527,-1.023194
gh,7.946527,-1.023194
gh,7.946527,-1.023194
gh,7.946527,-1.023194
gh,7.946527,-1.023194
gh,7.946527,-1.023194
gh,7.946527,-1.023194
gh,7.946527,-1.023194
gh,7.946527,-1.023194
gh,7.946527,-1.023194
gh,7.946527,-1.023194
gh,7.946527,-1.023194
gh,7.946527,-1.023194
gh,7.946527,-1.023194
gr,39.074208,21.824312
gr,39.074208,21.824312
gr,39.074208,21.824312
gr,39.074208,21.824312
gr,39.074208,21.824312
gr,39.074208,21.824312
gr,39.074208,21.824312
gr,39.074208,21.824312
gr,39.074208,21.824312
gr,39.074208,21.824312
gr,39.074208,21.824312
gr,39.074208,21.824312
gr,39.074208,21.824312
gr,39.074208,21.824312
gr,39.074208,21.824312
gr,39.074208,21.824312
gr,39.074208,21.824312
gr,39.074208,21.824312
gr,39.074208,21.824312
gr,39.074208,21.824312
gr,39.074208,21.824312
gr,39.074208,21.824312
gr,39.074208,21.824312
gr,39.074208,21.824312
gr,39.074208,21.824312
gr,39.074208,21.824312
gr,39.074208,21.824312
gr,39.074208,21.824312
gr,39.074208,21.824312
gr,39.074208,21.824312
gr,39.074208,21.824312
gr,39.074208,21.824312
gr,39.074208,21.824312
gt,15.783471,-90.230759
gt,15.783471,-90.230759
gt,15.783471,-90.230759
gt,15.783471,-90.230759
gt,15.783471,-90.230759
gt,15.783471,-90.230759
gt,15.783471,-90.230759
gt,15.783471,-90.230759
gt,15.783471,-90.230759
gt,15.783471,-90.230759
gt,15.783471,-90.230759
hk,22.396428,114.109497
hk,22.396428,114.109497
hk,22.396428,114.109497
hk,22.396428,114.109497
hk,22.396428,114.109497
hk,22.396428,114.109497
hk,22.396428,114.109497
hk,22.396428,114.109497
hk,22.396428,114.109497
hk,22.396428,114.109497
hk,22.396428,114.109497
hk,22.396428,114.109497
hk,22.396428,114.109497
hk,22.396428,114.109497
hk,22.396428,114.109497
hk,22.396428,114.109497
hk,22.396428,114.109497
hk,22.396428,114.109497
hk,22.396428,114.109497
hk,22.396428,114.109497
hk,22.396428,114.109497
hk,22.396428,114.109497
hk,22.396428,114.109497
hk,22.396428,114.109497
hk,22.396428,114.109497
hk,22.396428,114.109497
hk,22.396428,114.109497
hk,22.396428,114.109497
hk,22.396428,114.109497
hk,22.396428,114.109497
hk,22.396428,114.109497
hk,22.396428,114.109497
hk,22.396428,114.109497
hk,22.396428,114.109497
hk,22.396428,114.109497
hk,22.396428,114.109497
hk,22.396428,114.109497
hk,22.396428,114.109497
hn,15.199999,-86.241905
hn,15.199999,-86.241905
hn,15.199999,-86.241905
hn,15.199999,-86.241905
hn,15.199999,-86.241905
hn,15.199999,-86.241905
hn,15.199999,-86.241905
hr,45.1,15.2
hr,45.1,15.2
hr,45.1,15.2
hr,45.1,15.2
hr,45.1,15.2
hr,45.1,15.2
hr,45.1,15.2
hr,45.1,15.2
hr,45.1,15.2
hr,45.1,15.2
hr,45.1,15.2
hr,45.1,15.2
hr,45.1,15.2
hr,45.1,15.2
hr,45.1,15.2
hr,45.1,15.2
hr,45.1,15.2
hr,45.1,15.2
hr,45.1,15.2
hr,45.1,15.2
hr,45.1,15.2
ht,18.971187,-72.285215
ht,18.971187,-72.285215
ht,18.971187,-72.285215
ht,18.971187,-72.285215
hu,47.162494,19.503304
hu,47.162494,19.503304
hu,47.162494,19.503304
hu,47.162494,19.503304
hu,47.162494,19.503304
hu,47.162494,19.503304
hu,47.162494,19.503304
hu,47.162494,19.503304
hu,47.162494,19.503304
hu,47.162494,19.503304
hu,47.162494,19.503304
hu,47.162494,19.503304
hu,47.162494,19.503304
hu,47.162494,19.503304
hu,47.162494,19.503304
hu,47.162494,19.503304
hu,47.162494,19.503304
hu,47.162494,19.503304
hu,47.162494,19.503304
hu,47.162494,19.503304
hu,47.162494,19.503304
hu,47.162494,19.503304
hu,47.162494,19.503304
hu,47.162494,19.503304
hu,47.162494,19.503304
hu,47.162494,19.503304
hu,47.162494,19.503304
hu,47.162494,19.503304
hu,47.162494,19.503304
hu,47.162494,19.503304
hu,47.162494,19.503304
hu,47.162494,19.503304
hu,47.162494,19.503304
hu,47.162494,19.503304
hu,47.162494,19.503304
id,-0.789275,113.921327
id,-0.789275,113.921327
id,-0.789275,113.921327
id,-0.789275,113.921327
id,-0.789275,113.921327
id,-0.789275,113.921327
id,-0.789275,113.921327
id,-0.789275,113.921327
id,-0.789275,113.921327
id,-0.789275,113.921327
id,-0.789275,113.921327
id,-0.789275,113.921327
id,-0.789275,113.921327
id,-0.789275,113.921327
id,-0.789275,113.921327
id,-0.789275,113.921327
id,-0.789275,113.921327
id,-0.789275,113.921327
id,-0.789275,113.921327
id,-0.789275,113.921327
id,-0.789275,113.921327
id,-0.789275,113.921327
id,-0.789275,113.921327
id,-0.789275,113.921327
id,-0.789275,113.921327
id,-0.789275,113.921327
id,-0.789275,113.921327
id,-0.789275,113.921327
id,-0.789275,113.921327
id,-0.789275,113.921327
id,-0.789275,113.921327
id,-0.789275,113.921327
id,-0.789275,113.921327
id,-0.789275,113.921327
id,-0.789275,113.921327
id,-0.789275,113.921327
id,-0.789275,113.921327
id,-0.789275,113.921327
id,-0.789275,113.921327
ie,53.41291,-8.24389
ie,53.41291,-8.24389
ie,53.41291,-8.24389
ie,53.41291,-8.24389
ie,53.41291,-8.24389
ie,53.41291,-8.24389
ie,53.41291,-8.24389
ie,53.41291,-8.24389
ie,53.41291,-8.24389
ie,53.41291,-8.24389
ie,53.41291,-8.24389
ie,53.41291,-8.24389
ie,53.41291,-8.24389
ie,53.41291,-8.24389
ie,53.41291,-8.24389
ie,53.41291,-8.24389
ie,53.41291,-8.24389
ie,53.41291,-8.24389
ie,53.41291,-8.24389
ie,53.41291,-8.24389
ie,53.41291,-8.24389
ie,53.41291,-8.24389
ie,53.41291,-8.24389
ie,53.41291,-8.24389
ie,53.41291,-8.24389
ie,53.41291,-8.24389
ie,53.41291,-8.24389
ie,53.41291,-8.24389
ie,53.41291,-8.24389
ie,53.41291,-8.24389
ie,53.41291,-8.24389
ie,53.41291,-8.24389
ie,53.41291,-8.24389
ie,53.41291,-8.24389
ie,53.41291,-8.24389
ie,53.41291,-8.24389
ie,53.41291,-8.24389
ie,53.41291,-8.24389
ie,53.41291,-8.24389
ie,53.41291,-8.24389
ie,53.41291,-8.24389
ie,53.41291,-8.24389
ie,53.41291,-8.24389
ie,53.41291,-8.24389
ie,53.41291,-8.24389
ie,53.41291,-8.24389
ie,53.41291,-8.24389
ie,53.41291,-8.24389
ie,53.41291,-8.24389
ie,53.41291,-8.24389
ie,53.41291,-8.24389
ie,53.41291,-8.24389
ie,53.41291,-8.24389
ie,53.41291,-8.24389
ie,53.41291,-8.24389
ie,53.41291,-8.24389
il,31.046051,34.851612
il,31.046051,34.851612
il,31.046051,34.851612
il,31.046051,34.851612
il,31.046051,34.851612
il,31.046051,34.851612
il,31.046051,34.851612
il,31.046051,34.851612
il,31.046051,34.851612
il,31.046051,34.851612
il,31.046051,34.851612
il,31.046051,34.851612
il,31.046051,34.851612
il,31.046051,34.851612
il,31.046051,34.851612
il,31.046051,34.851612
il,31.046051,34.851612
il,31.046051,34.851612
il,31.046051,34.851612
il,31.046051,34.851612
il,31.046051,34.851612
il,31.046051,34.851612
il,31.046051,34.851612
il,31.046051,34.851612
il,31.046051,34.851612
il,31.046051,34.851612
il,31.046051,34.851612
il,31.046051,34.851612
in,20.593684,78.96288
in,20.593684,78.96288
in,20.593684,78.96288
in,20.593684,78.96288
in,20.593684,78.96288
in,20.593684,78.96288
in,20.593684,78.96288
in,20.593684,78.96288
in,20.593684,78.96288
in,20.593684,78.96288
in,20.593684,78.96288
in,20.593684,78.96288
in,20.593684,78.96288
in,20.593684,78.96288
in,20.593684,78.96288
in,20.593684,78.96288
in,20.593684,78.96288
in,20.593684,78.96288
in,20.593684,78.96288
in,20.593684,78.96288
in,20.593684,78.96288
in,20.593684,78.96288
in,20.593684,78.96288
in,20.593684,78.96288
in,20.593684,78.96288
in,20.593684,78.96288
in,20.593684,78.96288
in,20.593684,78.96288
in,20.593684,78.96288
in,20.593684,78.96288
in,20.593684,78.96288
in,20.593684,78.96288
in,20.593684,78.96288
in,20.593684,78.96288
in,20.593684,78.96288
in,20.593684,78.96288
in,20.593684,78.96288
in,20.593684,78.96288
in,20.593684,78.96288
in,20.593684,78.96288
in,20.593684,78.96288
in,20.593684,78.96288
in,20.593684,78.96288
in,20.593684,78.96288
in,20.593684,78.96288
in,20.593684,78.96288
in,20.593684,78.96288
in,20.593684,78.96288
in,20.593684,78.96288
in,20.593684,78.96288
in,20.593684,78.96288
in,20.593684,78.96288
in,20.593684,78.96288
in,20.593684,78.96288
in,20.593684,78.96288
in,20.593684,78.96288
in,20.593684,78.96288
in,20.593684,78.96288
in,20.593684,78.96288
in,20.593684,78.96288
in,20.593684,78.96288
in,20.593684,78.96288
in,20.593684,78.96288
in,20.593684,78.96288
in,20.593684,78.96288
in,20.593684,78.96288
in,20.593684,78.96288
in,20.593684,78.96288
in,20.593684,78.96288
in,20.593684,78.96288
in,20.593684,78.96288
in,20.593684,78.96288
in,20.593684,78.96288
in,20.593684,78.96288
in,20.593684,78.96288
in,20.593684,78.96288
in,20.593684,78.96288
in,20.593684,78.96288
in,20.593684,78.96288
in,20.593684,78.96288
in,20.593684,78.96288
in,20.593684,78.96288
in,20.593684,78.96288
in,20.593684,78.96288
in,20.593684,78.96288
in,20.593684,78.96288
in,20.593684,78.96288
in,20.593684,78.96288
in,20.593684,78.96288
in,20.593684,78.96288
iq,33.223191,43.679291
iq,33.223191,43.679291
iq,33.223191,43.679291
iq,33.223191,43.679291
iq,33.223191,43.679291
iq,33.223191,43.679291
iq,33.223191,43.679291
iq,33.223191,43.679291
iq,33.223191,43.679291
iq,33.223191,43.679291
iq,33.223191,43.679291
iq,33.223191,43.679291
iq,33.223191,43.679291
iq,33.223191,43.679291
iq,33.223191,43.679291
iq,33.223191,43.679291
iq,33.223191,43.679291
iq,33.223191,43.679291
iq,33.223191,43.679291
iq,33.223191,43.679291
iq,33.223191,43.679291
iq,33.223191,43.679291
iq,33.223191,43.679291
iq,33.223191,43.679291
iq,33.223191,43.679291
ir,32.427908,53.688046
ir,32.427908,53.688046
ir,32.427908,53.688046
ir,32.427908,53.688046
ir,32.427908,53.688046
ir,32.427908,53.688046
ir,32.427908,53.688046
ir,32.427908,53.688046
ir,32.427908,53.688046
ir,32.427908,53.688046
ir,32.427908,53.688046
ir,32.427908,53.688046
ir,32.427908,53.688046
ir,32.427908,53.688046
ir,32.427908,53.688046
ir,32.427908,53.688046
ir,32.427908,53.688046
ir,32.427908,53.688046
ir,32.427908,53.688046
ir,32.427908,53.688046
ir,32.427908,53.688046
ir,32.427908,53.688046
ir,32.427908,53.688046
ir,32.427908,53.688046
ir,32.427908,53.688046
ir,32.427908,53.688046
ir,32.427908,53.688046
ir,32.427908,53.688046
ir,32.427908,53.688046
is,64.963051,-19.020835
is,64.963051,-19.020835
is,64.963051,-19.020835
is,64.963051,-19.020835
is,64.963051,-19.020835
is,64.963051,-19.020835
is,64.963051,-19.020835
is,64.963051,-19.020835
is,64.963051,-19.020835
is,64.963051,-19.020835
is,64.963051,-19.020835
is,64.963051,-19.020835
is,64.963051,-19.020835
it,41.87194,12.56738
it,41.87194,12.56738
it,41.87194,12.56738
it,41.87194,12.56738
it,41.87194,12.56738
it,41.87194,12.56738
it,41.87194,12.56738
it,41.87194,12.56738
it,41.87194,12.56738
it,41.87194,12.56738
it,41.87194,12.56738
it,41.87194,12.56738
it,41.87194,12.56738
it,41.87194,12.56738
it,41.87194,12.56738
it,41.87194,12.56738
it,41.87194,12.56738
it,41.87194,12.56738
it,41.87194,12.56738
it,41.87194,12.56738
it,41.87194,12.56738
it,41.87194,12.56738
it,41.87194,12.56738
it,41.87194,12.56738
it,41.87194,12.56738
it,41.87194,12.56738
it,41.87194,12.56738
it,41.87194,12.56738
it,41.87194,12.56738
it,41.87194,12.56738
it,41.87194,12.56738
it,41.87194,12.56738
it,41.87194,12.56738
it,41.87194,12.56738
it,41.87194,12.56738
it,41.87194,12.56738
it,41.87194,12.56738
it,41.87194,12.56738
it,41.87194,12.56738
it,41.87194,12.56738
it,41.87194,12.56738
it,41.87194,12.56738
it,41.87194,12.56738
it,41.87194,12.56738
it,41.87194,12.56738
it,41.87194,12.56738
it,41.87194,12.56738
it,41.87194,12.56738
it,41.87194,12.56738
it,41.87194,12.56738
it,41.87194,12.56738
it,41.87194,12.56738
it,41.87194,12.56738
it,41.87194,12.56738
it,41.87194,12.56738
it,41.87194,12.56738
it,41.87194,12.56738
it,41.87194,12.56738
it,41.87194,12.56738
it,41.87194,12.56738
it,41.87194,12.56738
it,41.87194,12.56738
it,41.87194,12.56738
it,41.87194,12.56738
it,41.87194,12.56738
it,41.87194,12.56738
it,41.87194,12.56738
it,41.87194,12.56738
it,41.87194,12.56738
it,41.87194,12.56738
it,41.87194,12.56738
it,41.87194,12.56738
it,41.87194,12.56738
it,41.87194,12.56738
it,41.87194,12.56738
it,41.87194,12.56738
it,41.87194,12.56738
it,41.87194,12.56738
it,41.87194,12.56738
it,41.87194,12.56738
it,41.87194,12.56738
it,41.87194,12.56738
it,41.87194,12.56738
it,41.87194,12.56738
it,41.87194,12.56738
it,41.87194,12.56738
it,41.87194,12.56738
it,41.87194,12.56738
jm,18.109581,-77.297508
jm,18.109581,-77.297508
jm,18.109581,-77.297508
jm,18.109581,-77.297508
jo,30.585164,36.238414
jo,30.585164,36.238414
jo,30.585164,36.238414
jo,30.585164,36.238414
jo,30.585164,36.238414
jo,30.585164,36.238414
jo,30.585164,36.238414
jo,30.585164,36.238414
jo,30.585164,36.238414
jo,30.585164,36.238414
jo,30.585164,36.238414
jo,30.585164,36.238414
jo,30.585164,36.238414
jo,30.585164,36.238414
jo,30.585164,36.238414
jo,30.585164,36.238414
jo,30.585164,36.238414
jo,30.585164,36.238414
jo,30.585164,36.238414
jo,30.585164,36.238414
jo,30.585164,36.238414
jo,30.585164,36.238414
jo,30.585164,36.238414
jo,30.585164,36.238414
jp,36.204824,138.252924
jp,36.204824,138.252924
jp,36.204824,138.252924
jp,36.204824,138.252924
jp,36.204824,138.252924
jp,36.204824,138.252924
jp,36.204824,138.252924
jp,36.204824,138.252924
jp,36.204824,138.252924
jp,36.204824,138.252924
jp,36.204824,138.252924
jp,36.204824,138.252924
jp,36.204824,138.252924
jp,36.204824,138.252924
jp,36.204824,138.252924
jp,36.204824,138.252924
jp,36.204824,138.252924
jp,36.204824,138.252924
jp,36.204824,138.252924
jp,36.204824,138.252924
jp,36.204824,138.252924
jp,36.204824,138.252924
jp,36.204824,138.252924
jp,36.204824,138.252924
jp,36.204824,138.252924
jp,36.204824,138.252924
jp,36.204824,138.252924
jp,36.204824,138.252924
jp,36.204824,138.252924
jp,36.204824,138.252924
jp,36.204824,138.252924
jp,36.204824,138.252924
jp,36.204824,138.252924
jp,36.204824,138.252924
jp,36.204824,138.252924
jp,36.204824,138.252924
jp,36.204824,138.252924
jp,36.204824,138.252924
jp,36.204824,138.252924
jp,36.204824,138.252924
jp,36.204824,138.252924
jp,36.204824,138.252924
jp,36.204824,138.252924
jp,36.204824,138.252924
jp,36.204824,138.252924
ke,-0.023559,37.906193
ke,-0.023559,37.906193
ke,-0.023559,37.906193
ke,-0.023559,37.906193
ke,-0.023559,37.906193
ke,-0.023559,37.906193
ke,-0.023559,37.906193
ke,-0.023559,37.906193
ke,-0.023559,37.906193
ke,-0.023559,37.906193
ke,-0.023559,37.906193
ke,-0.023559,37.906193
ke,-0.023559,37.906193
ke,-0.023559,37.906193
ke,-0.023559,37.906193
ke,-0.023559,37.906193
ke,-0.023559,37.906193
ke,-0.023559,37.906193
ke,-0.023559,37.906193
ke,-0.023559,37.906193
ke,-0.023559,37.906193
ke,-0.023559,37.906193
ke,-0.023559,37.906193
ke,-0.023559,37.906193
ke,-0.023559,37.906193
ke,-0.023559,37.906193
ke,-0.023559,37.906193
ke,-0.023559,37.906193
ke,-0.023559,37.906193
ke,-0.023559,37.906193
kh,12.565679,104.990963
kh,12.565679,104.990963
kh,12.565679,104.990963
kh,12.565679,104.990963
kh,12.565679,104.990963
kh,12.565679,104.990963
kh,12.565679,104.990963
kh,12.565679,104.990963
kh,12.565679,104.990963
kh,12.565679,104.990963
kh,12.565679,104.990963
kh,12.565679,104.990963
kh,12.565679,104.990963
kh,12.565679,104.990963
kh,12.565679,104.990963
kh,12.565679,104.990963
kr,35.907757,127.766922
kr,35.907757,127.766922
kr,35.907757,127.766922
kr,35.907757,127.766922
kr,35.907757,127.766922
kr,35.907757,127.766922
kr,35.907757,127.766922
kr,35.907757,127.766922
kr,35.907757,127.766922
kr,35.907757,127.766922
kr,35.907757,127.766922
kr,35.907757,127.766922
kr,35.907757,127.766922
kr,35.907757,127.766922
kr,35.907757,127.766922
kr,35.907757,127.766922
kr,35.907757,127.766922
kr,35.907757,127.766922
kr,35.907757,127.766922
kr,35.907757,127.766922
kr,35.907757,127.766922
kr,35.907757,127.766922
kr,35.907757,127.766922
kr,35.907757,127.766922
kr,35.907757,127.766922
kr,35.907757,127.766922
kr,35.907757,127.766922
kr,35.907757,127.766922
kr,35.907757,127.766922
kr,35.907757,127.766922
kr,35.907757,127.766922
kr,35.907757,127.766922
kr,35.907757,127.766922
kr,35.907757,127.766922
kr,35.907757,127.766922
kr,35.907757,127.766922
kr,35.907757,127.766922
kr,35.907757,127.766922
kr,35.907757,127.766922
kr,35.907757,127.766922
kr,35.907757,127.766922
kr,35.907757,127.766922
kw,29.31166,47.481766
kw,29.31166,47.481766
kw,29.31166,47.481766
kw,29.31166,47.481766
kw,29.31166,47.481766
kw,29.31166,47.481766
kw,29.31166,47.481766
kw,29.31166,47.481766
kw,29.31166,47.481766
kw,29.31166,47.481766
kw,29.31166,47.481766
kw,29.31166,47.481766
kw,29.31166,47.481766
kw,29.31166,47.481766
kw,29.31166,47.481766
kw,29.31166,47.481766
kw,29.31166,47.481766
kw,29.31166,47.481766
kw,29.31166,47.481766
kw,29.31166,47.481766
kw,29.31166,47.481766
kw,29.31166,47.481766
kw,29.31166,47.481766
kw,29.31166,47.481766
kw,29.31166,47.481766
kw,29.31166,47.481766
kz,48.019573,66.923684
kz,48.019573,66.923684
kz,48.019573,66.923684
kz,48.019573,66.923684
kz,48.019573,66.923684
kz,48.019573,66.923684
kz,48.019573,66.923684
kz,48.019573,66.923684
kz,48.019573,66.923684
kz,48.019573,66.923684
kz,48.019573,66.923684
kz,48.019573,66.923684
kz,48.019573,66.923684
kz,48.019573,66.923684
kz,48.019573,66.923684
kz,48.019573,66.923684
lb,33.854721,35.862285
lb,33.854721,35.862285
lb,33.854721,35.862285
lb,33.854721,35.862285
lb,33.854721,35.862285
lb,33.854721,35.862285
lb,33.854721,35.862285
lb,33.854721,35.862285
lb,33.854721,35.862285
lb,33.854721,35.862285
lb,33.854721,35.862285
lb,33.854721,35.862285
lb,33.854721,35.862285
lb,33.854721,35.862285
lb,33.854721,35.862285
lb,33.854721,35.862285
lb,33.854721,35.862285
lb,33.854721,35.862285
lb,33.854721,35.862285
lb,33.854721,35.862285
lb,33.854721,35.862285
lb,33.854721,35.862285
lb,33.854721,35.862285
lb,33.854721,35.862285
lb,33.854721,35.862285
lk,7.873054,80.771797
lk,7.873054,80.771797
lk,7.873054,80.771797
lk,7.873054,80.771797
lk,7.873054,80.771797
lk,7.873054,80.771797
lk,7.873054,80.771797
lk,7.873054,80.771797
lk,7.873054,80.771797
lk,7.873054,80.771797
lk,7.873054,80.771797
lk,7.873054,80.771797
lk,7.873054,80.771797
lk,7.873054,80.771797
lk,7.873054,80.771797
lk,7.873054,80.771797
lk,7.873054,80.771797
lk,7.873054,80.771797
lt,55.169438,23.881275
lt,55.169438,23.881275
lt,55.169438,23.881275
lt,55.169438,23.881275
lt,55.169438,23.881275
lt,55.169438,23.881275
lt,55.169438,23.881275
lt,55.169438,23.881275
lt,55.169438,23.881275
lt,55.169438,23.881275
lt,55.169438,23.881275
lt,55.169438,23.881275
lt,55.169438,23.881275
lt,55.169438,23.881275
lt,55.169438,23.881275
lt,55.169438,23.881275
lt,55.169438,23.881275
lt,55.169438,23.881275
lt,55.169438,23.881275
lt,55.169438,23.881275
lt,55.169438,23.881275
lu,49.815273,6.129583
lu,49.815273,6.129583
lu,49.815273,6.129583
lu,49.815273,6.129583
lu,49.815273,6.129583
lu,49.815273,6.129583
lu,49.815273,6.129583
lu,49.815273,6.129583
lu,49.815273,6.129583
lu,49.815273,6.129583
lu,49.815273,6.129583
lu,49.815273,6.129583
lu,49.815273,6.129583
lu,49.815273,6.129583
lu,49.815273,6.129583
lu,49.815273,6.129583
lu,49.815273,6.129583
lu,49.815273,6.129583
lu,49.815273,6.129583
lu,49.815273,6.129583
lu,49.815273,6.129583
lu,49.815273,6.129583
lu,49.815273,6.129583
lu,49.815273,6.129583
lu,49.815273,6.129583
lu,49.815273,6.129583
lu,49.815273,6.129583
lv,56.879635,24.603189
lv,56.879635,24.603189
lv,56.879635,24.603189
lv,56.879635,24.603189
lv,56.879635,24.603189
lv,56.879635,24.603189
lv,56.879635,24.603189
lv,56.879635,24.603189
lv,56.879635,24.603189
lv,56.879635,24.603189
lv,56.879635,24.603189
lv,56.879635,24.603189
lv,56.879635,24.603189
lv,56.879635,24.603189
lv,56.879635,24.603189
ly,26.3351,17.228331
ly,26.3351,17.228331
ly,26.3351,17.228331
ly,26.3351,17.228331
ly,26.3351,17.228331
ly,26.3351,17.228331
ly,26.3351,17.228331
ma,31.791702,-7.09262
ma,31.791702,-7.09262
ma,31.791702,-7.09262
ma,31.791702,-7.09262
ma,31.791702,-7.09262
ma,31.791702,-7.09262
ma,31.791702,-7.09262
ma,31.791702,-7.09262
ma,31.791702,-7.09262
ma,31.791702,-7.09262
ma,31.791702,-7.09262
ma,31.791702,-7.09262
ma,31.791702,-7.09262
ma,31.791702,-7.09262
ma,31.791702,-7.09262
ma,31.791702,-7.09262
ma,31.791702,-7.09262
ma,31.791702,-7.09262
ma,31.791702,-7.09262
ma,31.791702,-7.09262
ma,31.791702,-7.09262
md,47.411631,28.369885
md,47.411631,28.369885
md,47.411631,28.369885
md,47.411631,28.369885
md,47.411631,28.369885
md,47.411631,28.369885
md,47.411631,28.369885
md,47.411631,28.369885
mg,-18.766947,46.869107
mg,-18.766947,46.869107
mg,-18.766947,46.869107
mg,-18.766947,46.869107
mk,41.608635,21.745275
mk,41.608635,21.745275
mk,41.608635,21.745275
mk,41.608635,21.745275
mk,41.608635,21.745275
mk,41.608635,21.745275
ml,17.570692,-3.996166
ml,17.570692,-3.996166
ml,17.570692,-3.996166
ml,17.570692,-3.996166
mm,21.913965,95.956223
mm,21.913965,95.956223
mm,21.913965,95.956223
mm,21.913965,95.956223
mm,21.913965,95.956223
mm,21.913965,95.956223
mm,21.913965,95.956223
mm,21.913965,95.956223
mm,21.913965,95.956223
mm,21.913965,95.956223
mm,21.913965,95.956223
mm,21.913965,95.956223
mm,21.913965,95.956223
mm,21.913965,95.956223
mn,46.862496,103.846656
mn,46.862496,103.846656
mn,46.862496,103.846656
mn,46.862496,103.846656
mt,35.937496,14.375416
mt,35.937496,14.375416
mt,35.937496,14.375416
mt,35.937496,14.375416
mt,35.937496,14.375416
mt,35.937496,14.375416
mt,35.937496,14.375416
mt,35.937496,14.375416
mt,35.937496,14.375416
mt,35.937496,14.375416
mt,35.937496,14.375416
mt,35.937496,14.375416
mt,35.937496,14.375416
mt,35.937496,14.375416
mt,35.937496,14.375416
mt,35.937496,14.375416
mt,35.937496,14.375416
mt,35.937496,14.375416
mt,35.937496,14.375416
mt,35.937496,14.375416
mu,-20.348404,57.552152
mu,-20.348404,57.552152
mu,-20.348404,57.552152
mu,-20.348404,57.552152
mu,-20.348404,57.552152
mu,-20.348404,57.552152
mu,-20.348404,57.552152
mu,-20.348404,57.552152
mu,-20.348404,57.552152
mu,-20.348404,57.552152
mu,-20.348404,57.552152
mw,-13.254308,34.301525
mw,-13.254308,34.301525
mw,-13.254308,34.301525
mw,-13.254308,34.301525
mx,23.634501,-102.552784
mx,23.634501,-102.552784
mx,23.634501,-102.552784
mx,23.634501,-102.552784
mx,23.634501,-102.552784
mx,23.634501,-102.552784
mx,23.634501,-102.552784
mx,23.634501,-102.552784
mx,23.634501,-102.552784
mx,23.634501,-102.552784
mx,23.634501,-102.552784
mx,23.634501,-102.552784
mx,23.634501,-102.552784
mx,23.634501,-102.552784
mx,23.634501,-102.552784
mx,23.634501,-102.552784
mx,23.634501,-102.552784
mx,23.634501,-102.552784
mx,23.634501,-102.552784
mx,23.634501,-102.552784
mx,23.634501,-102.552784
mx,23.634501,-102.552784
mx,23.634501,-102.552784
mx,23.634501,-102.552784
mx,23.634501,-102.552784
mx,23.634501,-102.552784
mx,23.634501,-102.552784
mx,23.634501,-102.552784
mx,23.634501,-102.552784
mx,23.634501,-102.552784
mx,23.634501,-102.552784
mx,23.634501,-102.552784
mx,23.634501,-102.552784
mx,23.634501,-102.552784
mx,23.634501,-102.552784
mx,23.634501,-102.552784
mx,23.634501,-102.552784
mx,23.634501,-102.552784
mx,23.634501,-102.552784
mx,23.634501,-102.552784
mx,23.634501,-102.552784
mx,23.634501,-102.552784
mx,23.634501,-102.552784
mx,23.634501,-102.552784
mx,23.634501,-102.552784
mx,23.634501,-102.552784
mx,23.634501,-102.552784
mx,23.634501,-102.552784
mx,23.634501,-102.552784
mx,23.634501,-102.552784
mx,23.634501,-102.552784
my,4.210484,101.975766
my,4.210484,101.975766
my,4.210484,101.975766
my,4.210484,101.975766
my,4.210484,101.975766
my,4.210484,101.975766
my,4.210484,101.975766
my,4.210484,101.975766
my,4.210484,101.975766
my,4.210484,101.975766
my,4.210484,101.975766
my,4.210484,101.975766
my,4.210484,101.975766
my,4.210484,101.975766
my,4.210484,101.975766
my,4.210484,101.975766
my,4.210484,101.975766
my,4.210484,101.975766
my,4.210484,101.975766
my,4.210484,101.975766
my,4.210484,101.975766
my,4.210484,101.975766
my,4.210484,101.975766
my,4.210484,101.975766
my,4.210484,101.975766
my,4.210484,101.975766
my,4.210484,101.975766
my,4.210484,101.975766
my,4.210484,101.975766
my,4.210484,101.975766
my,4.210484,101.975766
my,4.210484,101.975766
my,4.210484,101.975766
my,4.210484,101.975766
my,4.210484,101.975766
my,4.210484,101.975766
my,4.210484,101.975766
my,4.210484,101.975766
my,4.210484,101.975766
my,4.210484,101.975766
my,4.210484,101.975766
my,4.210484,101.975766
my,4.210484,101.975766
my,4.210484,101.975766
my,4.210484,101.975766
my,4.210484,101.975766
my,4.210484,101.975766
my,4.210484,101.975766
my,4.210484,101.975766
my,4.210484,101.975766
my,4.210484,101.975766
my,4.210484,101.975766
mz,-18.665695,35.529562
mz,-18.665695,35.529562
mz,-18.665695,35.529562
mz,-18.665695,35.529562
mz,-18.665695,35.529562
mz,-18.665695,35.529562
mz,-18.665695,35.529562
na,-22.95764,18.49041
na,-22.95764,18.49041
na,-22.95764,18.49041
na,-22.95764,18.49041
na,-22.95764,18.49041
na,-22.95764,18.49041
na,-22.95764,18.49041
ng,9.081999,8.675277
ng,9.081999,8.675277
ng,9.081999,8.675277
ng,9.081999,8.675277
ng,9.081999,8.675277
ng,9.081999,8.675277
ng,9.081999,8.675277
ng,9.081999,8.675277
ng,9.081999,8.675277
ng,9.081999,8.675277
ng,9.081999,8.675277
ng,9.081999,8.675277
ng,9.081999,8.675277
ng,9.081999,8.675277
ng,9.081999,8.675277
ng,9.081999,8.675277
ng,9.081999,8.675277
ng,9.081999,8.675277
ng,9.081999,8.675277
ng,9.081999,8.675277
ng,9.081999,8.675277
ng,9.081999,8.675277
ng,9.081999,8.675277
ng,9.081999,8.675277
ng,9.081999,8.675277
ng,9.081999,8.675277
ng,9.081999,8.675277
ng,9.081999,8.675277
ng,9.081999,8.675277
ng,9.081999,8.675277
ng,9.081999,8.675277
ng,9.081999,8.675277
ng,9.081999,8.675277
ng,9.081999,8.675277
ng,9.081999,8.675277
ng,9.081999,8.675277
ng,9.081999,8.675277
ng,9.081999,8.675277
ng,9.081999,8.675277
ng,9.081999,8.675277
ng,9.081999,8.675277
ng,9.081999,8.675277
ni,12.865416,-85.207229
ni,12.865416,-85.207229
ni,12.865416,-85.207229
ni,12.865416,-85.207229
ni,12.865416,-85.207229
ni,12.865416,-85.207229
ni,12.865416,-85.207229
ni,12.865416,-85.207229
nl,52.132633,5.291266
nl,52.132633,5.291266
nl,52.132633,5.291266
nl,52.132633,5.291266
nl,52.132633,5.291266
nl,52.132633,5.291266
nl,52.132633,5.291266
nl,52.132633,5.291266
nl,52.132633,5.291266
nl,52.132633,5.291266
nl,52.132633,5.291266
nl,52.132633,5.291266
nl,52.132633,5.291266
nl,52.132633,5.291266
nl,52.132633,5.291266
nl,52.132633,5.291266
nl,52.132633,5.291266
nl,52.132633,5.291266
nl,52.132633,5.291266
nl,52.132633,5.291266
nl,52.132633,5.291266
nl,52.132633,5.291266
nl,52.132633,5.291266
nl,52.132633,5.291266
nl,52.132633,5.291266
nl,52.132633,5.291266
nl,52.132633,5.291266
nl,52.132633,5.291266
nl,52.132633,5.291266
nl,52.132633,5.291266
nl,52.132633,5.291266
nl,52.132633,5.291266
nl,52.132633,5.291266
nl,52.132633,5.291266
nl,52.132633,5.291266
nl,52.132633,5.291266
nl,52.132633,5.291266
nl,52.132633,5.291266
nl,52.132633,5.291266
nl,52.132633,5.291266
nl,52.132633,5.291266
nl,52.132633,5.291266
nl,52.132633,5.291266
nl,52.132633,5.291266
nl,52.132633,5.291266
nl,52.132633,5.291266
nl,52.132633,5.291266
nl,52.132633,5.291266
nl,52.132633,5.291266
nl,52.132633,5.291266
nl,52.132633,5.291266
nl,52.132633,5.291266
nl,52.132633,5.291266
nl,52.132633,5.291266
nl,52.132633,5.291266
nl,52.132633,5.291266
nl,52.132633,5.291266
nl,52.132633,5.291266
nl,52.132633,5.291266
nl,52.132633,5.291266
nl,52.132633,5.291266
nl,52.132633,5.291266
nl,52.132633,5.291266
nl,52.132633,5.291266
nl,52.132633,5.291266
nl,52.132633,5.291266
nl,52.132633,5.291266
nl,52.132633,5.291266
nl,52.132633,5.291266
nl,52.132633,5.291266
nl,52.132633,5.291266
nl,52.132633,5.291266
nl,52.132633,5.291266
nl,52.132633,5.291266
nl,52.132633,5.291266
nl,52.132633,5.291266
nl,52.132633,5.291266
nl,52.132633,5.291266
nl,52.132633,5.291266
nl,52.132633,5.291266
nl,52.132633,5.291266
nl,52.132633,5.291266
nl,52.132633,5.291266
nl,52.132633,5.291266
nl,52.132633,5.291266
nl,52.132633,5.291266
no,60.472024,8.468946
no,60.472024,8.468946
no,60.472024,8.468946
no,60.472024,8.468946
no,60.472024,8.468946
no,60.472024,8.468946
no,60.472024,8.468946
no,60.472024,8.468946
no,60.472024,8.468946
no,60.472024,8.468946
no,60.472024,8.468946
no,60.472024,8.468946
no,60.472024,8.468946
no,60.472024,8.468946
no,60.472024,8.468946
no,60.472024,8.468946
no,60.472024,8.468946
no,60.472024,8.468946
no,60.472024,8.468946
no,60.472024,8.468946
no,60.472024,8.468946
no,60.472024,8.468946
no,60.472024,8.468946
no,60.472024,8.468946
no,60.472024,8.468946
no,60.472024,8.468946
no,60.472024,8.468946
no,60.472024,8.468946
no,60.472024,8.468946
no,60.472024,8.468946
no,60.472024,8.468946
no,60.472024,8.468946
no,60.472024,8.468946
no,60.472024,8.468946
no,60.472024,8.468946
no,60.472024,8.468946
no,60.472024,8.468946
no,60.472024,8.468946
no,60.472024,8.468946
no,60.472024,8.468946
no,60.472024,8.468946
no,60.472024,8.468946
no,60.472024,8.468946
no,60.472024,8.468946
no,60.472024,8.468946
no,60.472024,8.468946
no,60.472024,8.468946
no,60.472024,8.468946
no,60.472024,8.468946
no,60.472024,8.468946
no,60.472024,8.468946
no,60.472024,8.468946
no,60.472024,8.468946
no,60.472024,8.468946
no,60.472024,8.468946
no,60.472024,8.468946
no,60.472024,8.468946
np,28.394857,84.124008
np,28.394857,84.124008
np,28.394857,84.124008
np,28.394857,84.124008
np,28.394857,84.124008
np,28.394857,84.124008
np,28.394857,84.124008
np,28.394857,84.124008
np,28.394857,84.124008
np,28.394857,84.124008
np,28.394857,84.124008
np,28.394857,84.124008
np,28.394857,84.124008
nz,-40.900557,174.885971
nz,-40.900557,174.885971
nz,-40.900557,174.885971
nz,-40.900557,174.885971
nz,-40.900557,174.885971
nz,-40.900557,174.885971
nz,-40.900557,174.885971
nz,-40.900557,174.885971
nz,-40.900557,174.885971
nz,-40.900557,174.885971
nz,-40.900557,174.885971
nz,-40.900557,174.885971
nz,-40.900557,174.885971
nz,-40.900557,174.885971
nz,-40.900557,174.885971
nz,-40.900557,174.885971
nz,-40.900557,174.885971
nz,-40.900557,174.885971
nz,-40.900557,174.885971
nz,-40.900557,174.885971
nz,-40.900557,174.885971
nz,-40.900557,174.885971
nz,-40.900557,174.885971
nz,-40.900557,174.885971
nz,-40.900557,174.885971
nz,-40.900557,174.885971
nz,-40.900557,174.885971
nz,-40.900557,174.885971
nz,-40.900557,174.885971
nz,-40.900557,174.885971
nz,-40.900557,174.885971
nz,-40.900557,174.885971
nz,-40.900557,174.885971
nz,-40.900557,174.885971
nz,-40.900557,174.885971
nz,-40.900557,174.885971
nz,-40.900557,174.885971
nz,-40.900557,174.885971
nz,-40.900557,174.885971
nz,-40.900557,174.885971
nz,-40.900557,174.885971
nz,-40.900557,174.885971
nz,-40.900557,174.885971
nz,-40.900557,174.885971
nz,-40.900557,174.885971
nz,-40.900557,174.885971
nz,-40.900557,174.885971
om,21.512583,55.923255
om,21.512583,55.923255
om,21.512583,55.923255
om,21.512583,55.923255
om,21.512583,55.923255
om,21.512583,55.923255
om,21.512583,55.923255
om,21.512583,55.923255
om,21.512583,55.923255
om,21.512583,55.923255
om,21.512583,55.923255
om,21.512583,55.923255
om,21.512583,55.923255
om,21.512583,55.923255
om,21.512583,55.923255
om,21.512583,55.923255
om,21.512583,55.923255
om,21.512583,55.923255
om,21.512583,55.923255
om,21.512583,55.923255
om,21.512583,55.923255
om,21.512583,55.923255
om,21.512583,55.923255
om,21.512583,55.923255
om,21.512583,55.923255
om,21.512583,55.923255
om,21.512583,55.923255
pa,8.537981,-80.782127
pa,8.537981,-80.782127
pa,8.537981,-80.782127
pa,8.537981,-80.782127
pa,8.537981,-80.782127
pa,8.537981,-80.782127
pa,8.537981,-80.782127
pa,8.537981,-80.782127
pa,8.537981,-80.782127
pa,8.537981,-80.782127
pa,8.537981,-80.782127
pa,8.537981,-80.782127
pa,8.537981,-80.782127
pa,8.537981,-80.782127
pa,8.537981,-80.782127
pa,8.537981,-80.782127
pa,8.537981,-80.782127
pa,8.537981,-80.782127
pa,8.537981,-80.782127
pa,8.537981,-80.782127
pa,8.537981,-80.782127
pa,8.537981,-80.782127
pe,-9.189967,-75.015152
pe,-9.189967,-75.015152
pe,-9.189967,-75.015152
pe,-9.189967,-75.015152
pe,-9.189967,-75.015152
pe,-9.189967,-75.015152
pe,-9.189967,-75.015152
pe,-9.189967,-75.015152
pe,-9.189967,-75.015152
pe,-9.189967,-75.015152
pe,-9.189967,-75.015152
pe,-9.189967,-75.015152
pe,-9.189967,-75.015152
pe,-9.189967,-75.015152
pe,-9.189967,-75.015152
pe,-9.189967,-75.015152
pe,-9.189967,-75.015152
pe,-9.189967,-75.015152
pe,-9.189967,-75.015152
pe,-9.189967,-75.015152
pe,-9.189967,-75.015152
pe,-9.189967,-75.015152
pe,-9.189967,-75.015152
pe,-9.189967,-75.015152
pg,-6.314993,143.95555
pg,-6.314993,143.95555
pg,-6.314993,143.95555
pg,-6.314993,143.95555
pg,-6.314993,143.95555
ph,12.879721,121.774017
ph,12.879721,121.774017
ph,12.879721,121.774017
ph,12.879721,121.774017
ph,12.879721,121.774017
ph,12.879721,121.774017
ph,12.879721,121.774017
ph,12.879721,121.774017
ph,12.879721,121.774017
ph,12.879721,121.774017
ph,12.879721,121.774017
ph,12.879721,121.774017
ph,12.879721,121.774017
ph,12.879721,121.774017
ph,12.879721,121.774017
ph,12.879721,121.774017
ph,12.879721,121.774017
ph,12.879721,121.774017
ph,12.879721,121.774017
ph,12.879721,121.774017
ph,12.879721,121.774017
ph,12.879721,121.774017
ph,12.879721,121.774017
ph,12.879721,121.774017
ph,12.879721,121.774017
ph,12.879721,121.774017
ph,12.879721,121.774017
ph,12.879721,121.774017
ph,12.879721,121.774017
ph,12.879721,121.774017
ph,12.879721,121.774017
ph,12.879721,121.774017
ph,12.879721,121.774017
ph,12.879721,121.774017
ph,12.879721,121.774017
ph,12.879721,121.774017
ph,12.879721,121.774017
ph,12.879721,121.774017
ph,12.879721,121.774017
ph,12.879721,121.774017
ph,12.879721,121.774017
ph,12.879721,121.774017
pk,30.375321,69.345116
pk,30.375321,69.345116
pk,30.375321,69.345116
pk,30.375321,69.345116
pk,30.375321,69.345116
pk,30.375321,69.345116
pk,30.375321,69.345116
pk,30.375321,69.345116
pk,30.375321,69.345116
pk,30.375321,69.345116
pk,30.375321,69.345116
pk,30.375321,69.345116
pk,30.375321,69.345116
pk,30.375321,69.345116
pk,30.375321,69.345116
pk,30.375321,69.345116
pk,30.375321,69.345116
pk,30.375321,69.345116
pk,30.375321,69.345116
pk,30.375321,69.345116
pk,30.375321,69.345116
pk,30.375321,69.345116
pk,30.375321,69.345116
pk,30.375321,69.345116
pk,30.375321,69.345116
pk,30.375321,69.345116
pk,30.375321,69.345116
pk,30.375321,69.345116
pk,30.375321,69.345116
pk,30.375321,69.345116
pk,30.375321,69.345116
pk,30.375321,69.345116
pk,30.375321,69.345116
pk,30.375321,69.345116
pk,30.375321,69.345116
pl,51.919438,19.145136
pl,51.919438,19.145136
pl,51.919438,19.145136
pl,51.919438,19.145136
pl,51.919438,19.145136
pl,51.919438,19.145136
pl,51.919438,19.145136
pl,51.919438,19.145136
pl,51.919438,19.145136
pl,51.919438,19.145136
pl,51.919438,19.145136
pl,51.919438,19.145136
pl,51.919438,19.145136
pl,51.919438,19.145136
pl,51.919438,19.145136
pl,51.919438,19.145136
pl,51.919438,19.145136
pl,51.919438,19.145136
pl,51.919438,19.145136
pl,51.919438,19.145136
pl,51.919438,19.145136
pl,51.919438,19.145136
pl,51.919438,19.145136
pl,51.919438,19.145136
pl,51.919438,19.145136
pl,51.919438,19.145136
pl,51.919438,19.145136
pl,51.919438,19.145136
pl,51.919438,19.145136
pl,51.919438,19.145136
pl,51.919438,19.145136
pl,51.919438,19.145136
pl,51.919438,19.145136
pl,51.919438,19.145136
pl,51.919438,19.145136
pl,51.919438,19.145136
pl,51.919438,19.145136
pl,51.919438,19.145136
pl,51.919438,19.145136
pl,51.919438,19.145136
pl,51.919438,19.145136
pl,51.919438,19.145136
pl,51.919438,19.145136
pl,51.919438,19.145136
pl,51.919438,19.145136
pl,51.919438,19.145136
pr,18.220833,-66.590149
pr,18.220833,-66.590149
pr,18.220833,-66.590149
pr,18.220833,-66.590149
ps,31.952162,35.233154
ps,31.952162,35.233154
ps,31.952162,35.233154
ps,31.952162,35.233154
ps,31.952162,35.233154
ps,31.952162,35.233154
ps,31.952162,35.233154
pt,39.399872,-8.224454
pt,39.399872,-8.224454
pt,39.399872,-8.224454
pt,39.399872,-8.224454
pt,39.399872,-8.224454
pt,39.399872,-8.224454
pt,39.399872,-8.224454
pt,39.399872,-8.224454
pt,39.399872,-8.224454
pt,39.399872,-8.224454
pt,39.399872,-8.224454
pt,39.399872,-8.224454
pt,39.399872,-8.224454
pt,39.399872,-8.224454
pt,39.399872,-8.224454
pt,39.399872,-8.224454
pt,39.399872,-8.224454
pt,39.399872,-8.224454
pt,39.399872,-8.224454
pt,39.399872,-8.224454
pt,39.399872,-8.224454
pt,39.399872,-8.224454
pt,39.399872,-8.224454
pt,39.399872,-8.224454
pt,39.399872,-8.224454
pt,39.399872,-8.224454
pt,39.399872,-8.224454
pt,39.399872,-8.224454
pt,39.399872,-8.224454
pt,39.399872,-8.224454
pt,39.399872,-8.224454
pt,39.399872,-8.224454
pt,39.399872,-8.224454
pt,39.399872,-8.224454
pt,39.399872,-8.224454
pt,39.399872,-8.224454
pt,39.399872,-8.224454
py,-23.442503,-58.443832
py,-23.442503,-58.443832
py,-23.442503,-58.443832
py,-23.442503,-58.443832
qa,25.354826,51.183884
qa,25.354826,51.183884
qa,25.354826,51.183884
qa,25.354826,51.183884
qa,25.354826,51.183884
qa,25.354826,51.183884
qa,25.354826,51.183884
qa,25.354826,51.183884
qa,25.354826,51.183884
qa,25.354826,51.183884
qa,25.354826,51.183884
qa,25.354826,51.183884
qa,25.354826,51.183884
qa,25.354826,51.183884
qa,25.354826,51.183884
qa,25.354826,51.183884
qa,25.354826,51.183884
qa,25.354826,51.183884
qa,25.354826,51.183884
qa,25.354826,51.183884
qa,25.354826,51.183884
qa,25.354826,51.183884
qa,25.354826,51.183884
qa,25.354826,51.183884
qa,25.354826,51.183884
qa,25.354826,51.183884
qa,25.354826,51.183884
qa,25.354826,51.183884
qa,25.354826,51.183884
qa,25.354826,51.183884
qa,25.354826,51.183884
qa,25.354826,51.183884
qa,25.354826,51.183884
qa,25.354826,51.183884
qa,25.354826,51.183884
qa,25.354826,51.183884
qa,25.354826,51.183884
qa,25.354826,51.183884
qa,25.354826,51.183884
qa,25.354826,51.183884
qa,25.354826,51.183884
qa,25.354826,51.183884
qa,25.354826,51.183884
qa,25.354826,51.183884
qa,25.354826,51.183884
qa,25.354826,51.183884
qa,25.354826,51.183884
qa,25.354826,51.183884
qa,25.354826,51.183884
qa,25.354826,51.183884
qa,25.354826,51.183884
ro,45.943161,24.96676
ro,45.943161,24.96676
ro,45.943161,24.96676
ro,45.943161,24.96676
ro,45.943161,24.96676
ro,45.943161,24.96676
ro,45.943161,24.96676
ro,45.943161,24.96676
ro,45.943161,24.96676
ro,45.943161,24.96676
ro,45.943161,24.96676
ro,45.943161,24.96676
ro,45.943161,24.96676
ro,45.943161,24.96676
ro,45.943161,24.96676
ro,45.943161,24.96676
ro,45.943161,24.96676
ro,45.943161,24.96676
ro,45.943161,24.96676
ro,45.943161,24.96676
ro,45.943161,24.96676
ro,45.943161,24.96676
ro,45.943161,24.96676
ro,45.943161,24.96676
ro,45.943161,24.96676
ro,45.943161,24.96676
ro,45.943161,24.96676
ro,45.943161,24.96676
ro,45.943161,24.96676
ro,45.943161,24.96676
ro,45.943161,24.96676
ro,45.943161,24.96676
ro,45.943161,24.96676
ro,45.943161,24.96676
rs,44.016521,21.005859
rs,44.016521,21.005859
rs,44.016521,21.005859
rs,44.016521,21.005859
rs,44.016521,21.005859
rs,44.016521,21.005859
rs,44.016521,21.005859
rs,44.016521,21.005859
rs,44.016521,21.005859
rs,44.016521,21.005859
rs,44.016521,21.005859
rs,44.016521,21.005859
rs,44.016521,21.005859
rs,44.016521,21.005859
rs,44.016521,21.005859
rs,44.016521,21.005859
rs,44.016521,21.005859
rs,44.016521,21.005859
rs,44.016521,21.005859
rs,44.016521,21.005859
rs,44.016521,21.005859
rs,44.016521,21.005859
rs,44.016521,21.005859
rw,-1.940278,29.873888
rw,-1.940278,29.873888
rw,-1.940278,29.873888
rw,-1.940278,29.873888
rw,-1.940278,29.873888
rw,-1.940278,29.873888
rw,-1.940278,29.873888
rw,-1.940278,29.873888
sa,23.885942,45.079162
sa,23.885942,45.079162
sa,23.885942,45.079162
sa,23.885942,45.079162
sa,23.885942,45.079162
sa,23.885942,45.079162
sa,23.885942,45.079162
sa,23.885942,45.079162
sa,23.885942,45.079162
sa,23.885942,45.079162
sa,23.885942,45.079162
sa,23.885942,45.079162
sa,23.885942,45.079162
sa,23.885942,45.079162
sa,23.885942,45.079162
sa,23.885942,45.079162
sa,23.885942,45.079162
sa,23.885942,45.079162
sa,23.885942,45.079162
sa,23.885942,45.079162
sa,23.885942,45.079162
sa,23.885942,45.079162
sa,23.885942,45.079162
sa,23.885942,45.079162
sa,23.885942,45.079162
sa,23.885942,45.079162
sa,23.885942,45.079162
sa,23.885942,45.079162
sa,23.885942,45.079162
sa,23.885942,45.079162
sa,23.885942,45.079162
sa,23.885942,45.079162
sa,23.885942,45.079162
sa,23.885942,45.079162
sa,23.885942,45.079162
sa,23.885942,45.079162
sa,23.885942,45.079162
sa,23.885942,45.079162
sa,23.885942,45.079162
sa,23.885942,45.079162
sa,23.885942,45.079162
sa,23.885942,45.079162
sa,23.885942,45.079162
sa,23.885942,45.079162
sa,23.885942,45.079162
sa,23.885942,45.079162
sa,23.885942,45.079162
sa,23.885942,45.079162
sa,23.885942,45.079162
sa,23.885942,45.079162
sa,23.885942,45.079162
sa,23.885942,45.079162
sd,12.862807,30.217636
sd,12.862807,30.217636
sd,12.862807,30.217636
sd,12.862807,30.217636
sd,12.862807,30.217636
sd,12.862807,30.217636
sd,12.862807,30.217636
sd,12.862807,30.217636
se,60.128161,18.643501
se,60.128161,18.643501
se,60.128161,18.643501
se,60.128161,18.643501
se,60.128161,18.643501
se,60.128161,18.643501
se,60.128161,18.643501
se,60.128161,18.643501
se,60.128161,18.643501
se,60.128161,18.643501
se,60.128161,18.643501
se,60.128161,18.643501
se,60.128161,18.643501
se,60.128161,18.643501
se,60.128161,18.643501
se,60.128161,18.643501
se,60.128161,18.643501
se,60.128161,18.643501
se,60.128161,18.643501
se,60.128161,18.643501
se,60.128161,18.643501
se,60.128161,18.643501
se,60.128161,18.643501
se,60.128161,18.643501
se,60.128161,18.643501
se,60.128161,18.643501
se,60.128161,18.643501
se,60.128161,18.643501
se,60.128161,18.643501
se,60.128161,18.643501
se,60.128161,18.643501
se,60.128161,18.643501
se,60.128161,18.643501
se,60.128161,18.643501
se,60.128161,18.643501
se,60.128161,18.643501
se,60.128161,18.643501
se,60.128161,18.643501
se,60.128161,18.643501
se,60.128161,18.643501
se,60.128161,18.643501
se,60.128161,18.643501
se,60.128161,18.643501
se,60.128161,18.643501
se,60.128161,18.643501
se,60.128161,18.643501
se,60.128161,18.643501
se,60.128161,18.643501
se,60.128161,18.643501
se,60.128161,18.643501
se,60.128161,18.643501
se,60.128161,18.643501
se,60.128161,18.643501
se,60.128161,18.643501
se,60.128161,18.643501
se,60.128161,18.643501
se,60.128161,18.643501
se,60.128161,18.643501
se,60.128161,18.643501
se,60.128161,18.643501
se,60.128161,18.643501
se,60.128161,18.643501
se,60.128161,18.643501
se,60.128161,18.643501
sg,1.352083,103.819836
sg,1.352083,103.819836
sg,1.352083,103.819836
sg,1.352083,103.819836
sg,1.352083,103.819836
sg,1.352083,103.819836
sg,1.352083,103.819836
sg,1.352083,103.819836
sg,1.352083,103.819836
sg,1.352083,103.819836
sg,1.352083,103.819836
sg,1.352083,103.819836
sg,1.352083,103.819836
sg,1.352083,103.819836
sg,1.352083,103.819836
sg,1.352083,103.819836
sg,1.352083,103.819836
sg,1.352083,103.819836
sg,1.352083,103.819836
sg,1.352083,103.819836
sg,1.352083,103.819836
sg,1.352083,103.819836
sg,1.352083,103.819836
sg,1.352083,103.819836
sg,1.352083,103.819836
sg,1.352083,103.819836
sg,1.352083,103.819836
sg,1.352083,103.819836
sg,1.352083,103.819836
sg,1.352083,103.819836
sg,1.352083,103.819836
sg,1.352083,103.819836
sg,1.352083,103.819836
sg,1.352083,103.819836
sg,1.352083,103.819836
sg,1.352083,103.819836
sg,1.352083,103.819836
sg,1.352083,103.819836
sg,1.352083,103.819836
sg,1.352083,103.819836
sg,1.352083,103.819836
sg,1.352083,103.819836
sg,1.352083,103.819836
sg,1.352083,103.819836
sg,1.352083,103.819836
sg,1.352083,103.819836
sg,1.352083,103.819836
sg,1.352083,103.819836
sg,1.352083,103.819836
sg,1.352083,103.819836
si,46.151241,14.995463
si,46.151241,14.995463
si,46.151241,14.995463
si,46.151241,14.995463
si,46.151241,14.995463
si,46.151241,14.995463
si,46.151241,14.995463
si,46.151241,14.995463
si,46.151241,14.995463
si,46.151241,14.995463
si,46.151241,14.995463
si,46.151241,14.995463
sk,48.669026,19.699024
sk,48.669026,19.699024
sk,48.669026,19.699024
sk,48.669026,19.699024
sk,48.669026,19.699024
sk,48.669026,19.699024
sk,48.669026,19.699024
sk,48.669026,19.699024
sk,48.669026,19.699024
sk,48.669026,19.699024
sk,48.669026,19.699024
sk,48.669026,19.699024
sk,48.669026,19.699024
sk,48.669026,19.699024
sk,48.669026,19.699024
sk,48.669026,19.699024
sk,48.669026,19.699024
sk,48.669026,19.699024
sk,48.669026,19.699024
sk,48.669026,19.699024
sk,48.669026,19.699024
sk,48.669026,19.699024
sn,14.497401,-14.452362
sn,14.497401,-14.452362
sn,14.497401,-14.452362
sn,14.497401,-14.452362
sn,14.497401,-14.452362
sn,14.497401,-14.452362
sn,14.497401,-14.452362
sn,14.497401,-14.452362
sn,14.497401,-14.452362
sn,14.497401,-14.452362
sn,14.497401,-14.452362
sn,14.497401,-14.452362
sn,14.497401,-14.452362
sn,14.497401,-14.452362
sv,13.794185,-88.89653
sv,13.794185,-88.89653
sv,13.794185,-88.89653
sv,13.794185,-88.89653
sv,13.794185,-88.89653
sv,13.794185,-88.89653
sv,13.794185,-88.89653
sy,34.802075,38.996815
sy,34.802075,38.996815
sy,34.802075,38.996815
sy,34.802075,38.996815
sy,34.802075,38.996815
sy,34.802075,38.996815
sy,34.802075,38.996815
sy,34.802075,38.996815
sy,34.802075,38.996815
sy,34.802075,38.996815
sy,34.802075,38.996815
sy,34.802075,38.996815
sy,34.802075,38.996815
sy,34.802075,38.996815
tg,8.619543,0.824782
tg,8.619543,0.824782
tg,8.619543,0.824782
tg,8.619543,0.824782
th,15.870032,100.992541
th,15.870032,100.992541
th,15.870032,100.992541
th,15.870032,100.992541
th,15.870032,100.992541
th,15.870032,100.992541
th,15.870032,100.992541
th,15.870032,100.992541
th,15.870032,100.992541
th,15.870032,100.992541
th,15.870032,100.992541
th,15.870032,100.992541
th,15.870032,100.992541
th,15.870032,100.992541
th,15.870032,100.992541
th,15.870032,100.992541
th,15.870032,100.992541
th,15.870032,100.992541
th,15.870032,100.992541
th,15.870032,100.992541
th,15.870032,100.992541
th,15.870032,100.992541
th,15.870032,100.992541
th,15.870032,100.992541
th,15.870032,100.992541
th,15.870032,100.992541
th,15.870032,100.992541
th,15.870032,100.992541
th,15.870032,100.992541
th,15.870032,100.992541
th,15.870032,100.992541
th,15.870032,100.992541
th,15.870032,100.992541
th,15.870032,100.992541
th,15.870032,100.992541
th,15.870032,100.992541
th,15.870032,100.992541
th,15.870032,100.992541
th,15.870032,100.992541
th,15.870032,100.992541
th,15.870032,100.992541
th,15.870032,100.992541
th,15.870032,100.992541
th,15.870032,100.992541
th,15.870032,100.992541
tn,33.886917,9.537499
tn,33.886917,9.537499
tn,33.886917,9.537499
tn,33.886917,9.537499
tn,33.886917,9.537499
tn,33.886917,9.537499
tn,33.886917,9.537499
tn,33.886917,9.537499
tn,33.886917,9.537499
tn,33.886917,9.537499
tn,33.886917,9.537499
tn,33.886917,9.537499
tn,33.886917,9.537499
tn,33.886917,9.537499
tn,33.886917,9.537499
tn,33.886917,9.537499
tn,33.886917,9.537499
tr,38.963745,35.243322
tr,38.963745,35.243322
tr,38.963745,35.243322
tr,38.963745,35.243322
tr,38.963745,35.243322
tr,38.963745,35.243322
tr,38.963745,35.243322
tr,38.963745,35.243322
tr,38.963745,35.243322
tr,38.963745,35.243322
tr,38.963745,35.243322
tr,38.963745,35.243322
tr,38.963745,35.243322
tr,38.963745,35.243322
tr,38.963745,35.243322
tr,38.963745,35.243322
tr,38.963745,35.243322
tr,38.963745,35.243322
tr,38.963745,35.243322
tr,38.963745,35.243322
tr,38.963745,35.243322
tr,38.963745,35.243322
tr,38.963745,35.243322
tr,38.963745,35.243322
tr,38.963745,35.243322
tr,38.963745,35.243322
tr,38.963745,35.243322
tr,38.963745,35.243322
tr,38.963745,35.243322
tr,38.963745,35.243322
tr,38.963745,35.243322
tr,38.963745,35.243322
tr,38.963745,35.243322
tr,38.963745,35.243322
tr,38.963745,35.243322
tr,38.963745,35.243322
tr,38.963745,35.243322
tr,38.963745,35.243322
tr,38.963745,35.243322
tr,38.963745,35.243322
tr,38.963745,35.243322
tr,38.963745,35.243322
tr,38.963745,35.243322
tr,38.963745,35.243322
tr,38.963745,35.243322
tr,38.963745,35.243322
tr,38.963745,35.243322
tr,38.963745,35.243322
tr,38.963745,35.243322
tr,38.963745,35.243322
tr,38.963745,35.243322
tr,38.963745,35.243322
tr,38.963745,35.243322
tr,38.963745,35.243322
tr,38.963745,35.243322
tr,38.963745,35.243322
tr,38.963745,35.243322
tr,38.963745,35.243322
tr,38.963745,35.243322
tr,38.963745,35.243322
tr,38.963745,35.243322
tr,38.963745,35.243322
tr,38.963745,35.243322
tr,38.963745,35.243322
tr,38.963745,35.243322
tr,38.963745,35.243322
tr,38.963745,35.243322
tr,38.963745,35.243322
tr,38.963745,35.243322
tr,38.963745,35.243322
tr,38.963745,35.243322
tt,10.691803,-61.222503
tt,10.691803,-61.222503
tt,10.691803,-61.222503
tt,10.691803,-61.222503
tw,23.69781,120.960515
tw,23.69781,120.960515
tw,23.69781,120.960515
tw,23.69781,120.960515
tw,23.69781,120.960515
tw,23.69781,120.960515
tw,23.69781,120.960515
tw,23.69781,120.960515
tw,23.69781,120.960515
tw,23.69781,120.960515
tw,23.69781,120.960515
tw,23.69781,120.960515
tw,23.69781,120.960515
tw,23.69781,120.960515
tw,23.69781,120.960515
tw,23.69781,120.960515
tw,23.69781,120.960515
tw,23.69781,120.960515
tw,23.69781,120.960515
tw,23.69781,120.960515
tw,23.69781,120.960515
tw,23.69781,120.960515
tw,23.69781,120.960515
tw,23.69781,120.960515
tw,23.69781,120.960515
tw,23.69781,120.960515
tw,23.69781,120.960515
tz,-6.369028,34.888822
tz,-6.369028,34.888822
tz,-6.369028,34.888822
tz,-6.369028,34.888822
tz,-6.369028,34.888822
tz,-6.369028,34.888822
tz,-6.369028,34.888822
tz,-6.369028,34.888822
tz,-6.369028,34.888822
tz,-6.369028,34.888822
tz,-6.369028,34.888822
tz,-6.369028,34.888822
tz,-6.369028,34.888822
tz,-6.369028,34.888822
tz,-6.369028,34.888822
tz,-6.369028,34.888822
tz,-6.369028,34.888822
tz,-6.369028,34.888822
ua,48.379433,31.16558
ua,48.379433,31.16558
ua,48.379433,31.16558
ua,48.379433,31.16558
ua,48.379433,31.16558
ua,48.379433,31.16558
ua,48.379433,31.16558
ua,48.379433,31.16558
ua,48.379433,31.16558
ua,48.379433,31.16558
ua,48.379433,31.16558
ua,48.379433,31.16558
ua,48.379433,31.16558
ua,48.379433,31.16558
ua,48.379433,31.16558
ua,48.379433,31.16558
ua,48.379433,31.16558
ua,48.379433,31.16558
ua,48.379433,31.16558
ua,48.379433,31.16558
ua,48.379433,31.16558
ua,48.379433,31.16558
ua,48.379433,31.16558
ua,48.379433,31.16558
ua,48.379433,31.16558
ua,48.379433,31.16558
ua,48.379433,31.16558
ua,48.379433,31.16558
ua,48.379433,31.16558
ua,48.379433,31.16558
ua,48.379433,31.16558
ua,48.379433,31.16558
ua,48.379433,31.16558
ua,48.379433,31.16558
ua,48.379433,31.16558
ua,48.379433,31.16558
ua,48.379433,31.16558
ua,48.379433,31.16558
ua,48.379433,31.16558
ua,48.379433,31.16558
ua,48.379433,31.16558
ug,1.373333,32.290275
ug,1.373333,32.290275
ug,1.373333,32.290275
ug,1.373333,32.290275
ug,1.373333,32.290275
ug,1.373333,32.290275
ug,1.373333,32.290275
ug,1.373333,32.290275
ug,1.373333,32.290275
ug,1.373333,32.290275
ug,1.373333,32.290275
ug,1.373333,32.290275
ug,1.373333,32.290275
ug,1.373333,32.290275
ug,1.373333,32.290275
us,37.09024,-95.712891
us,37.09024,-95.712891
us,37.09024,-95.712891
us,37.09024,-95.712891
us,37.09024,-95.712891
us,37.09024,-95.712891
us,37.09024,-95.712891
us,37.09024,-95.712891
us,37.09024,-95.712891
us,37.09024,-95.712891
us,37.09024,-95.712891
us,37.09024,-95.712891
us,37.09024,-95.712891
us,37.09024,-95.712891
us,37.09024,-95.712891
us,37.09024,-95.712891
us,37.09024,-95.712891
us,37.09024,-95.712891
us,37.09024,-95.712891
us,37.09024,-95.712891
us,37.09024,-95.712891
us,37.09024,-95.712891
us,37.09024,-95.712891
us,37.09024,-95.712891
us,37.09024,-95.712891
us,37.09024,-95.712891
us,37.09024,-95.712891
us,37.09024,-95.712891
us,37.09024,-95.712891
us,37.09024,-95.712891
us,37.09024,-95.712891
us,37.09024,-95.712891
us,37.09024,-95.712891
us,37.09024,-95.712891
us,37.09024,-95.712891
us,37.09024,-95.712891
us,37.09024,-95.712891
us,37.09024,-95.712891
us,37.09024,-95.712891
us,37.09024,-95.712891
us,37.09024,-95.712891
us,37.09024,-95.712891
us,37.09024,-95.712891
us,37.09024,-95.712891
us,37.09024,-95.712891
us,37.09024,-95.712891
us,37.09024,-95.712891
us,37.09024,-95.712891
us,37.09024,-95.712891
us,37.09024,-95.712891
us,37.09024,-95.712891
us,37.09024,-95.712891
us,37.09024,-95.712891
us,37.09024,-95.712891
us,37.09024,-95.712891
us,37.09024,-95.712891
us,37.09024,-95.712891
us,37.09024,-95.712891
us,37.09024,-95.712891
us,37.09024,-95.712891
us,37.09024,-95.712891
us,37.09024,-95.712891
us,37.09024,-95.712891
us,37.09024,-95.712891
us,37.09024,-95.712891
us,37.09024,-95.712891
us,37.09024,-95.712891
us,37.09024,-95.712891
us,37.09024,-95.712891
us,37.09024,-95.712891
us,37.09024,-95.712891
us,37.09024,-95.712891
us,37.09024,-95.712891
us,37.09024,-95.712891
us,37.09024,-95.712891
us,37.09024,-95.712891
us,37.09024,-95.712891
us,37.09024,-95.712891
us,37.09024,-95.712891
us,37.09024,-95.712891
us,37.09024,-95.712891
us,37.09024,-95.712891
us,37.09024,-95.712891
us,37.09024,-95.712891
us,37.09024,-95.712891
us,37.09024,-95.712891
us,37.09024,-95.712891
us,37.09024,-95.712891
us,37.09024,-95.712891
us,37.09024,-95.712891
us,37.09024,-95.712891
us,37.09024,-95.712891
us,37.09024,-95.712891
us,37.09024,-95.712891
us,37.09024,-95.712891
us,37.09024,-95.712891
us,37.09024,-95.712891
us,37.09024,-95.712891
us,37.09024,-95.712891
us,37.09024,-95.712891
us,37.09024,-95.712891
us,37.09024,-95.712891
us,37.09024,-95.712891
us,37.09024,-95.712891
us,37.09024,-95.712891
us,37.09024,-95.712891
us,37.09024,-95.712891
us,37.09024,-95.712891
us,37.09024,-95.712891
us,37.09024,-95.712891
us,37.09024,-95.712891
us,37.09024,-95.712891
us,37.09024,-95.712891
us,37.09024,-95.712891
us,37.09024,-95.712891
us,37.09024,-95.712891
us,37.09024,-95.712891
us,37.09024,-95.712891
us,37.09024,-95.712891
us,37.09024,-95.712891
us,37.09024,-95.712891
us,37.09024,-95.712891
us,37.09024,-95.712891
us,37.09024,-95.712891
us,37.09024,-95.712891
us,37.09024,-95.712891
us,37.09024,-95.712891
us,37.09024,-95.712891
us,37.09024,-95.712891
us,37.09024,-95.712891
us,37.09024,-95.712891
us,37.09024,-95.712891
us,37.09024,-95.712891
us,37.09024,-95.712891
us,37.09024,-95.712891
us,37.09024,-95.712891
us,37.09024,-95.712891
us,37.09024,-95.712891
us,37.09024,-95.712891
uy,-32.522779,-55.765835
uy,-32.522779,-55.765835
uy,-32.522779,-55.765835
uy,-32.522779,-55.765835
uy,-32.522779,-55.765835
uy,-32.522779,-55.765835
uy,-32.522779,-55.765835
uy,-32.522779,-55.765835
uy,-32.522779,-55.765835
uy,-32.522779,-55.765835
uy,-32.522779,-55.765835
uy,-32.522779,-55.765835
uy,-32.522779,-55.765835
uz,41.377491,64.585262
uz,41.377491,64.585262
uz,41.377491,64.585262
uz,41.377491,64.585262
uz,41.377491,64.585262
ve,6.42375,-66.58973
ve,6.42375,-66.58973
ve,6.42375,-66.58973
ve,6.42375,-66.58973
ve,6.42375,-66.58973
ve,6.42375,-66.58973
ve,6.42375,-66.58973
ve,6.42375,-66.58973
ve,6.42375,-66.58973
ve,6.42375,-66.58973
ve,6.42375,-66.58973
ve,6.42375,-66.58973
ve,6.42375,-66.58973
ve,6.42375,-66.58973
ve,6.42375,-66.58973
ve,6.42375,-66.58973
ve,6.42375,-66.58973
ve,6.42375,-66.58973
ve,6.42375,-66.58973
ve,6.42375,-66.58973
ve,6.42375,-66.58973
ve,6.42375,-66.58973
ve,6.42375,-66.58973
ve,6.42375,-66.58973
ve,6.42375,-66.58973
vn,14.058324,108.277199
vn,14.058324,108.277199
vn,14.058324,108.277199
vn,14.058324,108.277199
vn,14.058324,108.277199
vn,14.058324,108.277199
vn,14.058324,108.277199
vn,14.058324,108.277199
vn,14.058324,108.277199
vn,14.058324,108.277199
vn,14.058324,108.277199
vn,14.058324,108.277199
vn,14.058324,108.277199
vn,14.058324,108.277199
vn,14.058324,108.277199
vn,14.058324,108.277199
vn,14.058324,108.277199
vn,14.058324,108.277199
vn,14.058324,108.277199
vn,14.058324,108.277199
vn,14.058324,108.277199
vn,14.058324,108.277199
vn,14.058324,108.277199
vn,14.058324,108.277199
vn,14.058324,108.277199
vn,14.058324,108.277199
vn,14.058324,108.277199
vn,14.058324,108.277199
vn,14.058324,108.277199
vn,14.058324,108.277199
ye,15.552727,48.516388
ye,15.552727,48.516388
ye,15.552727,48.516388
ye,15.552727,48.516388
ye,15.552727,48.516388
ye,15.552727,48.516388
za,-30.559482,22.937506
za,-30.559482,22.937506
za,-30.559482,22.937506
za,-30.559482,22.937506
za,-30.559482,22.937506
za,-30.559482,22.937506
za,-30.559482,22.937506
za,-30.559482,22.937506
za,-30.559482,22.937506
za,-30.559482,22.937506
za,-30.559482,22.937506
za,-30.559482,22.937506
za,-30.559482,22.937506
za,-30.559482,22.937506
za,-30.559482,22.937506
za,-30.559482,22.937506
za,-30.559482,22.937506
za,-30.559482,22.937506
za,-30.559482,22.937506
za,-30.559482,22.937506
za,-30.559482,22.937506
za,-30.559482,22.937506
za,-30.559482,22.937506
za,-30.559482,22.937506
za,-30.559482,22.937506
za,-30.559482,22.937506
za,-30.559482,22.937506
za,-30.559482,22.937506
za,-30.559482,22.937506
za,-30.559482,22.937506
za,-30.559482,22.937506
za,-30.559482,22.937506
za,-30.559482,22.937506
za,-30.559482,22.937506
za,-30.559482,22.937506
za,-30.559482,22.937506
za,-30.559482,22.937506
za,-30.559482,22.937506
za,-30.559482,22.937506
za,-30.559482,22.937506
za,-30.559482,22.937506
za,-30.559482,22.937506
za,-30.559482,22.937506
za,-30.559482,22.937506
za,-30.559482,22.937506
za,-30.559482,22.937506
za,-30.559482,22.937506
za,-30.559482,22.937506
za,-30.559482,22.937506
za,-30.559482,22.937506
za,-30.559482,22.937506
za,-30.559482,22.937506
za,-30.559482,22.937506
za,-30.559482,22.937506
za,-30.559482,22.937506
za,-30.559482,22.937506
za,-30.559482,22.937506
za,-30.559482,22.937506
za,-30.559482,22.937506
za,-30.559482,22.937506
zm,-13.133897,27.849332
zm,-13.133897,27.849332
zm,-13.133897,27.849332
zm,-13.133897,27.849332
zm,-13.133897,27.849332
zm,-13.133897,27.849332
zm,-13.133897,27.849332
zm,-13.133897,27.849332
zm,-13.133897,27.849332
zm,-13.133897,27.849332
zw,-19.015438,29.154857
zw,-19.015438,29.154857
zw,-19.015438,29.154857
zw,-19.015438,29.154857
zw,-19.015438,29.154857
zw,-19.015438,29.154857
zw,-19.015438,29.154857
zw,-19.015438,29.154857
zw,-19.015438,29.154857
zw,-19.015438,29.154857
zw,-19.015438,29.154857
zw,-19.015438,29.154857
zw,-19.015438,29.154857
